date,points,width_m,mean_bed_elevation_m,section_area_below_local_max_m2,mean_bed_change_m
2016-06-08,137,6153.0,44.9786839752966,38495.1125,
2016-10-20,119,6153.0,45.137827076223,49637.315,0.15914310092639994
2017-05-11,136,6153.0,45.18888542174549,51845.88299999999,0.05105834552249178
2017-09-05,131,6153.0,45.25218836339996,51456.37999999999,0.06330294165447015
2018-09-13,88,4583.0,45.31366855771329,37866.26499999999,0.06148019431333296
2019-04-13,123,4593.0,44.99981537121707,39757.856000000014,-0.3138531864962246
2019-10-15,216,6115.0,44.774539656582185,53723.09,-0.22527571463488272
2020-03-19,139,4585.0,44.928767720828795,40353.64999999999,0.15422806424660962
2021-03-14,139,4585.0,44.954438386041446,40235.94999999998,0.025670665212651045
