plot,land_type,year,season,crop_id,crop_name,crop_type,area_mu
A1,平旱地,2024,单季,6,小麦,粮食,80.0
A2,平旱地,2024,单季,7,玉米,粮食,55.0
A3,平旱地,2024,单季,7,玉米,粮食,35.0
A4,平旱地,2024,单季,1,黄豆,粮食（豆类）,72.0
A5,平旱地,2024,单季,4,绿豆,粮食（豆类）,68.0
A6,平旱地,2024,单季,8,谷子,粮食,55.0
B1,梯田,2024,单季,6,小麦,粮食,60.0
B2,梯田,2024,单季,2,黑豆,粮食（豆类）,46.0
B3,梯田,2024,单季,3,红豆,粮食（豆类）,40.0
B4,梯田,2024,单季,4,绿豆,粮食（豆类）,28.0
B5,梯田,2024,单季,5,爬豆,粮食（豆类）,25.0
B6,梯田,2024,单季,8,谷子,粮食,86.0
B7,梯田,2024,单季,6,小麦,粮食,55.0
B8,梯田,2024,单季,8,谷子,粮食,44.0
B9,梯田,2024,单季,9,高粱,粮食,50.0
B10,梯田,2024,单季,10,黍子,粮食,25.0
B11,梯田,2024,单季,1,黄豆,粮食（豆类）,60.0
B12,梯田,2024,单季,7,玉米,粮食,45.0
B13,梯田,2024,单季,14,莜麦,粮食,35.0
B14,梯田,2024,单季,15,大麦,粮食,20.0
C1,山坡地,2024,单季,11,荞麦,粮食,15.0
C2,山坡地,2024,单季,12,南瓜,粮食,13.0
C3,山坡地,2024,单季,1,黄豆,粮食（豆类）,15.0
C4,山坡地,2024,单季,13,红薯,粮食,18.0
C5,山坡地,2024,单季,6,小麦,粮食,27.0
C6,山坡地,2024,单季,3,红豆,粮食（豆类）,20.0
D1,水浇地,2024,第一季,20,土豆,蔬菜 ,15.0
D1,水浇地,2024,第二季,36,白萝卜,蔬菜 ,15.0
D2,水浇地,2024,第一季,28,小青菜,蔬菜 ,10.0
D2,水浇地,2024,第二季,35,大白菜,蔬菜 ,10.0
D3,水浇地,2024,第一季,21,西红柿,蔬菜 ,14.0
D3,水浇地,2024,第二季,35,大白菜,蔬菜 ,14.0
D4,水浇地,2024,第一季,22,茄子,蔬菜 ,6.0
D4,水浇地,2024,第二季,35,大白菜,蔬菜 ,6.0
D5,水浇地,2024,第一季,17,豇豆,蔬菜（豆类）,10.0
D5,水浇地,2024,第二季,36,白萝卜,蔬菜 ,10.0
D6,水浇地,2024,第一季,18,刀豆,蔬菜（豆类）,12.0
D6,水浇地,2024,第二季,37,红萝卜,蔬菜 ,12.0
D7,水浇地,2024,单季,16,水稻,粮食,22.0
D8,水浇地,2024,单季,16,水稻,粮食,20.0
E1,普通大棚,2024,第一季,18,刀豆,蔬菜（豆类）,0.6
E1,普通大棚,2024,第二季,38,榆黄菇,食用菌,0.6
E2,普通大棚,2024,第一季,24,青椒,蔬菜 ,0.6
E2,普通大棚,2024,第二季,38,榆黄菇,食用菌,0.6
E3,普通大棚,2024,第一季,25,菜花,蔬菜 ,0.6
E3,普通大棚,2024,第二季,38,榆黄菇,食用菌,0.6
E4,普通大棚,2024,第一季,26,包菜,蔬菜 ,0.6
E4,普通大棚,2024,第二季,39,香菇,食用菌,0.6
E5,普通大棚,2024,第一季,28,小青菜,蔬菜 ,0.6
E5,普通大棚,2024,第二季,39,香菇,食用菌,0.6
E6,普通大棚,2024,第一季,27,油麦菜,蔬菜 ,0.6
E6,普通大棚,2024,第二季,39,香菇,食用菌,0.6
E7,普通大棚,2024,第一季,19,芸豆,蔬菜（豆类）,0.6
E7,普通大棚,2024,第二季,40,白灵菇,食用菌,0.6
E8,普通大棚,2024,第一季,19,芸豆,蔬菜（豆类）,0.6
E8,普通大棚,2024,第二季,40,白灵菇,食用菌,0.6
E9,普通大棚,2024,第一季,18,刀豆,蔬菜（豆类）,0.6
E9,普通大棚,2024,第二季,40,白灵菇,食用菌,0.6
E10,普通大棚,2024,第一季,17,豇豆,蔬菜（豆类）,0.6
E10,普通大棚,2024,第二季,41,羊肚菌,食用菌,0.6
E11,普通大棚,2024,第一季,17,豇豆,蔬菜（豆类）,0.6
E11,普通大棚,2024,第二季,41,羊肚菌,食用菌,0.6
E12,普通大棚,2024,第一季,22,茄子,蔬菜 ,0.6
E12,普通大棚,2024,第二季,41,羊肚菌,食用菌,0.6
E13,普通大棚,2024,第一季,21,西红柿,蔬菜 ,0.6
E13,普通大棚,2024,第二季,41,羊肚菌,食用菌,0.6
E14,普通大棚,2024,第一季,29,黄瓜,蔬菜 ,0.6
E14,普通大棚,2024,第二季,41,羊肚菌,食用菌,0.6
E15,普通大棚,2024,第一季,30,生菜,蔬菜 ,0.3
E15,普通大棚,2024,第一季,27,油麦菜,蔬菜 ,0.3
E15,普通大棚,2024,第二季,41,羊肚菌,食用菌,0.6
E16,普通大棚,2024,第一季,31,辣椒,蔬菜 ,0.6
E16,普通大棚,2024,第二季,41,羊肚菌,食用菌,0.6
F1,智慧大棚,2024,第一季,32,空心菜,蔬菜 ,0.3
F1,智慧大棚,2024,第一季,33,黄心菜,蔬菜 ,0.3
F1,智慧大棚,2024,第二季,24,青椒,蔬菜 ,0.3
F1,智慧大棚,2024,第二季,21,西红柿,蔬菜 ,0.3
F2,智慧大棚,2024,第一季,25,菜花,蔬菜 ,0.3
F2,智慧大棚,2024,第一季,26,包菜,蔬菜 ,0.3
F2,智慧大棚,2024,第二季,22,茄子,蔬菜 ,0.3
F2,智慧大棚,2024,第二季,29,黄瓜,蔬菜 ,0.3
F3,智慧大棚,2024,第一季,17,豇豆,蔬菜（豆类）,0.6
F3,智慧大棚,2024,第二季,28,小青菜,蔬菜 ,0.3
F3,智慧大棚,2024,第二季,30,生菜 ,蔬菜 ,0.3
F4,智慧大棚,2024,第一季,19,芸豆,蔬菜（豆类）,0.6
F4,智慧大棚,2024,第二季,34,芹菜,蔬菜 ,0.3
F4,智慧大棚,2024,第二季,23,菠菜 ,蔬菜 ,0.3
A1,平旱地,2025,单季,6,小麦,粮食,80.0
A2,平旱地,2025,单季,7,玉米,粮食,55.0
A3,平旱地,2025,单季,7,玉米,粮食,35.0
A4,平旱地,2025,单季,1,黄豆,粮食（豆类）,72.0
A5,平旱地,2025,单季,4,绿豆,粮食（豆类）,68.0
A6,平旱地,2025,单季,8,谷子,粮食,55.0
B1,梯田,2025,单季,6,小麦,粮食,60.0
B2,梯田,2025,单季,2,黑豆,粮食（豆类）,46.0
B3,梯田,2025,单季,3,红豆,粮食（豆类）,40.0
B4,梯田,2025,单季,4,绿豆,粮食（豆类）,28.0
B5,梯田,2025,单季,5,爬豆,粮食（豆类）,25.0
B6,梯田,2025,单季,8,谷子,粮食,86.0
B7,梯田,2025,单季,6,小麦,粮食,55.0
B8,梯田,2025,单季,8,谷子,粮食,44.0
B9,梯田,2025,单季,9,高粱,粮食,50.0
B10,梯田,2025,单季,10,黍子,粮食,25.0
B11,梯田,2025,单季,1,黄豆,粮食（豆类）,60.0
B12,梯田,2025,单季,7,玉米,粮食,45.0
B13,梯田,2025,单季,14,莜麦,粮食,35.0
B14,梯田,2025,单季,15,大麦,粮食,20.0
C1,山坡地,2025,单季,11,荞麦,粮食,15.0
C2,山坡地,2025,单季,12,南瓜,粮食,13.0
C3,山坡地,2025,单季,1,黄豆,粮食（豆类）,15.0
C4,山坡地,2025,单季,13,红薯,粮食,18.0
C5,山坡地,2025,单季,6,小麦,粮食,27.0
C6,山坡地,2025,单季,3,红豆,粮食（豆类）,20.0
D1,水浇地,2025,第一季,20,土豆,蔬菜 ,15.0
D1,水浇地,2025,第二季,36,白萝卜,蔬菜 ,15.0
D2,水浇地,2025,第一季,28,小青菜,蔬菜 ,10.0
D2,水浇地,2025,第二季,35,大白菜,蔬菜 ,10.0
D3,水浇地,2025,第一季,21,西红柿,蔬菜 ,14.0
D3,水浇地,2025,第二季,35,大白菜,蔬菜 ,14.0
D4,水浇地,2025,第一季,22,茄子,蔬菜 ,6.0
D4,水浇地,2025,第二季,35,大白菜,蔬菜 ,6.0
D5,水浇地,2025,第一季,17,豇豆,蔬菜（豆类）,10.0
D5,水浇地,2025,第二季,36,白萝卜,蔬菜 ,10.0
D6,水浇地,2025,第一季,18,刀豆,蔬菜（豆类）,12.0
D6,水浇地,2025,第二季,37,红萝卜,蔬菜 ,12.0
D7,水浇地,2025,单季,16,水稻,粮食,22.0
D8,水浇地,2025,单季,16,水稻,粮食,20.0
E1,普通大棚,2025,第一季,18,刀豆,蔬菜（豆类）,0.6
E1,普通大棚,2025,第二季,38,榆黄菇,食用菌,0.6
E2,普通大棚,2025,第一季,24,青椒,蔬菜 ,0.6
E2,普通大棚,2025,第二季,38,榆黄菇,食用菌,0.6
E3,普通大棚,2025,第一季,25,菜花,蔬菜 ,0.6
E3,普通大棚,2025,第二季,38,榆黄菇,食用菌,0.6
E4,普通大棚,2025,第一季,26,包菜,蔬菜 ,0.6
E4,普通大棚,2025,第二季,39,香菇,食用菌,0.6
E5,普通大棚,2025,第一季,28,小青菜,蔬菜 ,0.6
E5,普通大棚,2025,第二季,39,香菇,食用菌,0.6
E6,普通大棚,2025,第一季,27,油麦菜,蔬菜 ,0.6
E6,普通大棚,2025,第二季,39,香菇,食用菌,0.6
E7,普通大棚,2025,第一季,19,芸豆,蔬菜（豆类）,0.6
E7,普通大棚,2025,第二季,40,白灵菇,食用菌,0.6
E8,普通大棚,2025,第一季,19,芸豆,蔬菜（豆类）,0.6
E8,普通大棚,2025,第二季,40,白灵菇,食用菌,0.6
E9,普通大棚,2025,第一季,18,刀豆,蔬菜（豆类）,0.6
E9,普通大棚,2025,第二季,40,白灵菇,食用菌,0.6
E10,普通大棚,2025,第一季,17,豇豆,蔬菜（豆类）,0.6
E10,普通大棚,2025,第二季,41,羊肚菌,食用菌,0.6
E11,普通大棚,2025,第一季,17,豇豆,蔬菜（豆类）,0.6
E11,普通大棚,2025,第二季,41,羊肚菌,食用菌,0.6
E12,普通大棚,2025,第一季,22,茄子,蔬菜 ,0.6
E12,普通大棚,2025,第二季,41,羊肚菌,食用菌,0.6
E13,普通大棚,2025,第一季,21,西红柿,蔬菜 ,0.6
E13,普通大棚,2025,第二季,41,羊肚菌,食用菌,0.6
E14,普通大棚,2025,第一季,29,黄瓜,蔬菜 ,0.6
E14,普通大棚,2025,第二季,41,羊肚菌,食用菌,0.6
E15,普通大棚,2025,第一季,30,生菜,蔬菜 ,0.3
E15,普通大棚,2025,第一季,27,油麦菜,蔬菜 ,0.3
E15,普通大棚,2025,第二季,41,羊肚菌,食用菌,0.6
E16,普通大棚,2025,第一季,31,辣椒,蔬菜 ,0.6
E16,普通大棚,2025,第二季,41,羊肚菌,食用菌,0.6
F1,智慧大棚,2025,第一季,32,空心菜,蔬菜 ,0.3
F1,智慧大棚,2025,第一季,33,黄心菜,蔬菜 ,0.3
F1,智慧大棚,2025,第二季,24,青椒,蔬菜 ,0.3
F1,智慧大棚,2025,第二季,21,西红柿,蔬菜 ,0.3
F2,智慧大棚,2025,第一季,25,菜花,蔬菜 ,0.3
F2,智慧大棚,2025,第一季,26,包菜,蔬菜 ,0.3
F2,智慧大棚,2025,第二季,22,茄子,蔬菜 ,0.3
F2,智慧大棚,2025,第二季,29,黄瓜,蔬菜 ,0.3
F3,智慧大棚,2025,第一季,17,豇豆,蔬菜（豆类）,0.6
F3,智慧大棚,2025,第二季,28,小青菜,蔬菜 ,0.3
F3,智慧大棚,2025,第二季,30,生菜 ,蔬菜 ,0.3
F4,智慧大棚,2025,第一季,19,芸豆,蔬菜（豆类）,0.6
F4,智慧大棚,2025,第二季,34,芹菜,蔬菜 ,0.3
F4,智慧大棚,2025,第二季,23,菠菜 ,蔬菜 ,0.3
A1,平旱地,2026,单季,6,小麦,粮食,80.0
A2,平旱地,2026,单季,7,玉米,粮食,55.0
A3,平旱地,2026,单季,7,玉米,粮食,35.0
A4,平旱地,2026,单季,1,黄豆,粮食（豆类）,72.0
A5,平旱地,2026,单季,4,绿豆,粮食（豆类）,68.0
A6,平旱地,2026,单季,8,谷子,粮食,55.0
B1,梯田,2026,单季,6,小麦,粮食,60.0
B2,梯田,2026,单季,2,黑豆,粮食（豆类）,46.0
B3,梯田,2026,单季,3,红豆,粮食（豆类）,40.0
B4,梯田,2026,单季,4,绿豆,粮食（豆类）,28.0
B5,梯田,2026,单季,5,爬豆,粮食（豆类）,25.0
B6,梯田,2026,单季,8,谷子,粮食,86.0
B7,梯田,2026,单季,6,小麦,粮食,55.0
B8,梯田,2026,单季,8,谷子,粮食,44.0
B9,梯田,2026,单季,9,高粱,粮食,50.0
B10,梯田,2026,单季,10,黍子,粮食,25.0
B11,梯田,2026,单季,1,黄豆,粮食（豆类）,60.0
B12,梯田,2026,单季,7,玉米,粮食,45.0
B13,梯田,2026,单季,14,莜麦,粮食,35.0
B14,梯田,2026,单季,15,大麦,粮食,20.0
C1,山坡地,2026,单季,11,荞麦,粮食,15.0
C2,山坡地,2026,单季,12,南瓜,粮食,13.0
C3,山坡地,2026,单季,1,黄豆,粮食（豆类）,15.0
C4,山坡地,2026,单季,13,红薯,粮食,18.0
C5,山坡地,2026,单季,6,小麦,粮食,27.0
C6,山坡地,2026,单季,3,红豆,粮食（豆类）,20.0
D1,水浇地,2026,第一季,20,土豆,蔬菜 ,15.0
D1,水浇地,2026,第二季,36,白萝卜,蔬菜 ,15.0
D2,水浇地,2026,第一季,28,小青菜,蔬菜 ,10.0
D2,水浇地,2026,第二季,35,大白菜,蔬菜 ,10.0
D3,水浇地,2026,第一季,21,西红柿,蔬菜 ,14.0
D3,水浇地,2026,第二季,35,大白菜,蔬菜 ,14.0
D4,水浇地,2026,第一季,22,茄子,蔬菜 ,6.0
D4,水浇地,2026,第二季,35,大白菜,蔬菜 ,6.0
D5,水浇地,2026,第一季,17,豇豆,蔬菜（豆类）,10.0
D5,水浇地,2026,第二季,36,白萝卜,蔬菜 ,10.0
D6,水浇地,2026,第一季,18,刀豆,蔬菜（豆类）,12.0
D6,水浇地,2026,第二季,37,红萝卜,蔬菜 ,12.0
D7,水浇地,2026,单季,16,水稻,粮食,22.0
D8,水浇地,2026,单季,16,水稻,粮食,20.0
E1,普通大棚,2026,第一季,18,刀豆,蔬菜（豆类）,0.6
E1,普通大棚,2026,第二季,38,榆黄菇,食用菌,0.6
E2,普通大棚,2026,第一季,24,青椒,蔬菜 ,0.6
E2,普通大棚,2026,第二季,38,榆黄菇,食用菌,0.6
E3,普通大棚,2026,第一季,25,菜花,蔬菜 ,0.6
E3,普通大棚,2026,第二季,38,榆黄菇,食用菌,0.6
E4,普通大棚,2026,第一季,26,包菜,蔬菜 ,0.6
E4,普通大棚,2026,第二季,39,香菇,食用菌,0.6
E5,普通大棚,2026,第一季,28,小青菜,蔬菜 ,0.6
E5,普通大棚,2026,第二季,39,香菇,食用菌,0.6
E6,普通大棚,2026,第一季,27,油麦菜,蔬菜 ,0.6
E6,普通大棚,2026,第二季,39,香菇,食用菌,0.6
E7,普通大棚,2026,第一季,19,芸豆,蔬菜（豆类）,0.6
E7,普通大棚,2026,第二季,40,白灵菇,食用菌,0.6
E8,普通大棚,2026,第一季,19,芸豆,蔬菜（豆类）,0.6
E8,普通大棚,2026,第二季,40,白灵菇,食用菌,0.6
E9,普通大棚,2026,第一季,18,刀豆,蔬菜（豆类）,0.6
E9,普通大棚,2026,第二季,40,白灵菇,食用菌,0.6
E10,普通大棚,2026,第一季,17,豇豆,蔬菜（豆类）,0.6
E10,普通大棚,2026,第二季,41,羊肚菌,食用菌,0.6
E11,普通大棚,2026,第一季,17,豇豆,蔬菜（豆类）,0.6
E11,普通大棚,2026,第二季,41,羊肚菌,食用菌,0.6
E12,普通大棚,2026,第一季,22,茄子,蔬菜 ,0.6
E12,普通大棚,2026,第二季,41,羊肚菌,食用菌,0.6
E13,普通大棚,2026,第一季,21,西红柿,蔬菜 ,0.6
E13,普通大棚,2026,第二季,41,羊肚菌,食用菌,0.6
E14,普通大棚,2026,第一季,29,黄瓜,蔬菜 ,0.6
E14,普通大棚,2026,第二季,41,羊肚菌,食用菌,0.6
E15,普通大棚,2026,第一季,30,生菜,蔬菜 ,0.3
E15,普通大棚,2026,第一季,27,油麦菜,蔬菜 ,0.3
E15,普通大棚,2026,第二季,41,羊肚菌,食用菌,0.6
E16,普通大棚,2026,第一季,31,辣椒,蔬菜 ,0.6
E16,普通大棚,2026,第二季,41,羊肚菌,食用菌,0.6
F1,智慧大棚,2026,第一季,32,空心菜,蔬菜 ,0.3
F1,智慧大棚,2026,第一季,33,黄心菜,蔬菜 ,0.3
F1,智慧大棚,2026,第二季,24,青椒,蔬菜 ,0.3
F1,智慧大棚,2026,第二季,21,西红柿,蔬菜 ,0.3
F2,智慧大棚,2026,第一季,25,菜花,蔬菜 ,0.3
F2,智慧大棚,2026,第一季,26,包菜,蔬菜 ,0.3
F2,智慧大棚,2026,第二季,22,茄子,蔬菜 ,0.3
F2,智慧大棚,2026,第二季,29,黄瓜,蔬菜 ,0.3
F3,智慧大棚,2026,第一季,17,豇豆,蔬菜（豆类）,0.6
F3,智慧大棚,2026,第二季,28,小青菜,蔬菜 ,0.3
F3,智慧大棚,2026,第二季,30,生菜 ,蔬菜 ,0.3
F4,智慧大棚,2026,第一季,19,芸豆,蔬菜（豆类）,0.6
F4,智慧大棚,2026,第二季,34,芹菜,蔬菜 ,0.3
F4,智慧大棚,2026,第二季,23,菠菜 ,蔬菜 ,0.3
A1,平旱地,2027,单季,6,小麦,粮食,80.0
A2,平旱地,2027,单季,7,玉米,粮食,55.0
A3,平旱地,2027,单季,7,玉米,粮食,35.0
A4,平旱地,2027,单季,1,黄豆,粮食（豆类）,72.0
A5,平旱地,2027,单季,4,绿豆,粮食（豆类）,68.0
A6,平旱地,2027,单季,8,谷子,粮食,55.0
B1,梯田,2027,单季,6,小麦,粮食,60.0
B2,梯田,2027,单季,2,黑豆,粮食（豆类）,46.0
B3,梯田,2027,单季,3,红豆,粮食（豆类）,40.0
B4,梯田,2027,单季,4,绿豆,粮食（豆类）,28.0
B5,梯田,2027,单季,5,爬豆,粮食（豆类）,25.0
B6,梯田,2027,单季,8,谷子,粮食,86.0
B7,梯田,2027,单季,6,小麦,粮食,55.0
B8,梯田,2027,单季,8,谷子,粮食,44.0
B9,梯田,2027,单季,9,高粱,粮食,50.0
B10,梯田,2027,单季,10,黍子,粮食,25.0
B11,梯田,2027,单季,1,黄豆,粮食（豆类）,60.0
B12,梯田,2027,单季,7,玉米,粮食,45.0
B13,梯田,2027,单季,14,莜麦,粮食,35.0
B14,梯田,2027,单季,15,大麦,粮食,20.0
C1,山坡地,2027,单季,11,荞麦,粮食,15.0
C2,山坡地,2027,单季,12,南瓜,粮食,13.0
C3,山坡地,2027,单季,1,黄豆,粮食（豆类）,15.0
C4,山坡地,2027,单季,13,红薯,粮食,18.0
C5,山坡地,2027,单季,6,小麦,粮食,27.0
C6,山坡地,2027,单季,3,红豆,粮食（豆类）,20.0
D1,水浇地,2027,第一季,20,土豆,蔬菜 ,15.0
D1,水浇地,2027,第二季,36,白萝卜,蔬菜 ,15.0
D2,水浇地,2027,第一季,28,小青菜,蔬菜 ,10.0
D2,水浇地,2027,第二季,35,大白菜,蔬菜 ,10.0
D3,水浇地,2027,第一季,21,西红柿,蔬菜 ,14.0
D3,水浇地,2027,第二季,35,大白菜,蔬菜 ,14.0
D4,水浇地,2027,第一季,22,茄子,蔬菜 ,6.0
D4,水浇地,2027,第二季,35,大白菜,蔬菜 ,6.0
D5,水浇地,2027,第一季,17,豇豆,蔬菜（豆类）,10.0
D5,水浇地,2027,第二季,36,白萝卜,蔬菜 ,10.0
D6,水浇地,2027,第一季,18,刀豆,蔬菜（豆类）,12.0
D6,水浇地,2027,第二季,37,红萝卜,蔬菜 ,12.0
D7,水浇地,2027,单季,16,水稻,粮食,22.0
D8,水浇地,2027,单季,16,水稻,粮食,20.0
E1,普通大棚,2027,第一季,18,刀豆,蔬菜（豆类）,0.6
E1,普通大棚,2027,第二季,38,榆黄菇,食用菌,0.6
E2,普通大棚,2027,第一季,24,青椒,蔬菜 ,0.6
E2,普通大棚,2027,第二季,38,榆黄菇,食用菌,0.6
E3,普通大棚,2027,第一季,25,菜花,蔬菜 ,0.6
E3,普通大棚,2027,第二季,38,榆黄菇,食用菌,0.6
E4,普通大棚,2027,第一季,26,包菜,蔬菜 ,0.6
E4,普通大棚,2027,第二季,39,香菇,食用菌,0.6
E5,普通大棚,2027,第一季,28,小青菜,蔬菜 ,0.6
E5,普通大棚,2027,第二季,39,香菇,食用菌,0.6
E6,普通大棚,2027,第一季,27,油麦菜,蔬菜 ,0.6
E6,普通大棚,2027,第二季,39,香菇,食用菌,0.6
E7,普通大棚,2027,第一季,19,芸豆,蔬菜（豆类）,0.6
E7,普通大棚,2027,第二季,40,白灵菇,食用菌,0.6
E8,普通大棚,2027,第一季,19,芸豆,蔬菜（豆类）,0.6
E8,普通大棚,2027,第二季,40,白灵菇,食用菌,0.6
E9,普通大棚,2027,第一季,18,刀豆,蔬菜（豆类）,0.6
E9,普通大棚,2027,第二季,40,白灵菇,食用菌,0.6
E10,普通大棚,2027,第一季,17,豇豆,蔬菜（豆类）,0.6
E10,普通大棚,2027,第二季,41,羊肚菌,食用菌,0.6
E11,普通大棚,2027,第一季,17,豇豆,蔬菜（豆类）,0.6
E11,普通大棚,2027,第二季,41,羊肚菌,食用菌,0.6
E12,普通大棚,2027,第一季,22,茄子,蔬菜 ,0.6
E12,普通大棚,2027,第二季,41,羊肚菌,食用菌,0.6
E13,普通大棚,2027,第一季,21,西红柿,蔬菜 ,0.6
E13,普通大棚,2027,第二季,41,羊肚菌,食用菌,0.6
E14,普通大棚,2027,第一季,29,黄瓜,蔬菜 ,0.6
E14,普通大棚,2027,第二季,41,羊肚菌,食用菌,0.6
E15,普通大棚,2027,第一季,30,生菜,蔬菜 ,0.3
E15,普通大棚,2027,第一季,27,油麦菜,蔬菜 ,0.3
E15,普通大棚,2027,第二季,41,羊肚菌,食用菌,0.6
E16,普通大棚,2027,第一季,31,辣椒,蔬菜 ,0.6
E16,普通大棚,2027,第二季,41,羊肚菌,食用菌,0.6
F1,智慧大棚,2027,第一季,32,空心菜,蔬菜 ,0.3
F1,智慧大棚,2027,第一季,33,黄心菜,蔬菜 ,0.3
F1,智慧大棚,2027,第二季,24,青椒,蔬菜 ,0.3
F1,智慧大棚,2027,第二季,21,西红柿,蔬菜 ,0.3
F2,智慧大棚,2027,第一季,25,菜花,蔬菜 ,0.3
F2,智慧大棚,2027,第一季,26,包菜,蔬菜 ,0.3
F2,智慧大棚,2027,第二季,22,茄子,蔬菜 ,0.3
F2,智慧大棚,2027,第二季,29,黄瓜,蔬菜 ,0.3
F3,智慧大棚,2027,第一季,17,豇豆,蔬菜（豆类）,0.6
F3,智慧大棚,2027,第二季,28,小青菜,蔬菜 ,0.3
F3,智慧大棚,2027,第二季,30,生菜 ,蔬菜 ,0.3
F4,智慧大棚,2027,第一季,19,芸豆,蔬菜（豆类）,0.6
F4,智慧大棚,2027,第二季,34,芹菜,蔬菜 ,0.3
F4,智慧大棚,2027,第二季,23,菠菜 ,蔬菜 ,0.3
A1,平旱地,2028,单季,6,小麦,粮食,80.0
A2,平旱地,2028,单季,7,玉米,粮食,55.0
A3,平旱地,2028,单季,7,玉米,粮食,35.0
A4,平旱地,2028,单季,1,黄豆,粮食（豆类）,72.0
A5,平旱地,2028,单季,4,绿豆,粮食（豆类）,68.0
A6,平旱地,2028,单季,8,谷子,粮食,55.0
B1,梯田,2028,单季,6,小麦,粮食,60.0
B2,梯田,2028,单季,2,黑豆,粮食（豆类）,46.0
B3,梯田,2028,单季,3,红豆,粮食（豆类）,40.0
B4,梯田,2028,单季,4,绿豆,粮食（豆类）,28.0
B5,梯田,2028,单季,5,爬豆,粮食（豆类）,25.0
B6,梯田,2028,单季,8,谷子,粮食,86.0
B7,梯田,2028,单季,6,小麦,粮食,55.0
B8,梯田,2028,单季,8,谷子,粮食,44.0
B9,梯田,2028,单季,9,高粱,粮食,50.0
B10,梯田,2028,单季,10,黍子,粮食,25.0
B11,梯田,2028,单季,1,黄豆,粮食（豆类）,60.0
B12,梯田,2028,单季,7,玉米,粮食,45.0
B13,梯田,2028,单季,14,莜麦,粮食,35.0
B14,梯田,2028,单季,15,大麦,粮食,20.0
C1,山坡地,2028,单季,11,荞麦,粮食,15.0
C2,山坡地,2028,单季,12,南瓜,粮食,13.0
C3,山坡地,2028,单季,1,黄豆,粮食（豆类）,15.0
C4,山坡地,2028,单季,13,红薯,粮食,18.0
C5,山坡地,2028,单季,6,小麦,粮食,27.0
C6,山坡地,2028,单季,3,红豆,粮食（豆类）,20.0
D1,水浇地,2028,第一季,20,土豆,蔬菜 ,15.0
D1,水浇地,2028,第二季,36,白萝卜,蔬菜 ,15.0
D2,水浇地,2028,第一季,28,小青菜,蔬菜 ,10.0
D2,水浇地,2028,第二季,35,大白菜,蔬菜 ,10.0
D3,水浇地,2028,第一季,21,西红柿,蔬菜 ,14.0
D3,水浇地,2028,第二季,35,大白菜,蔬菜 ,14.0
D4,水浇地,2028,第一季,22,茄子,蔬菜 ,6.0
D4,水浇地,2028,第二季,35,大白菜,蔬菜 ,6.0
D5,水浇地,2028,第一季,17,豇豆,蔬菜（豆类）,10.0
D5,水浇地,2028,第二季,36,白萝卜,蔬菜 ,10.0
D6,水浇地,2028,第一季,18,刀豆,蔬菜（豆类）,12.0
D6,水浇地,2028,第二季,37,红萝卜,蔬菜 ,12.0
D7,水浇地,2028,单季,16,水稻,粮食,22.0
D8,水浇地,2028,单季,16,水稻,粮食,20.0
E1,普通大棚,2028,第一季,18,刀豆,蔬菜（豆类）,0.6
E1,普通大棚,2028,第二季,38,榆黄菇,食用菌,0.6
E2,普通大棚,2028,第一季,24,青椒,蔬菜 ,0.6
E2,普通大棚,2028,第二季,38,榆黄菇,食用菌,0.6
E3,普通大棚,2028,第一季,25,菜花,蔬菜 ,0.6
E3,普通大棚,2028,第二季,38,榆黄菇,食用菌,0.6
E4,普通大棚,2028,第一季,26,包菜,蔬菜 ,0.6
E4,普通大棚,2028,第二季,39,香菇,食用菌,0.6
E5,普通大棚,2028,第一季,28,小青菜,蔬菜 ,0.6
E5,普通大棚,2028,第二季,39,香菇,食用菌,0.6
E6,普通大棚,2028,第一季,27,油麦菜,蔬菜 ,0.6
E6,普通大棚,2028,第二季,39,香菇,食用菌,0.6
E7,普通大棚,2028,第一季,19,芸豆,蔬菜（豆类）,0.6
E7,普通大棚,2028,第二季,40,白灵菇,食用菌,0.6
E8,普通大棚,2028,第一季,19,芸豆,蔬菜（豆类）,0.6
E8,普通大棚,2028,第二季,40,白灵菇,食用菌,0.6
E9,普通大棚,2028,第一季,18,刀豆,蔬菜（豆类）,0.6
E9,普通大棚,2028,第二季,40,白灵菇,食用菌,0.6
E10,普通大棚,2028,第一季,17,豇豆,蔬菜（豆类）,0.6
E10,普通大棚,2028,第二季,41,羊肚菌,食用菌,0.6
E11,普通大棚,2028,第一季,17,豇豆,蔬菜（豆类）,0.6
E11,普通大棚,2028,第二季,41,羊肚菌,食用菌,0.6
E12,普通大棚,2028,第一季,22,茄子,蔬菜 ,0.6
E12,普通大棚,2028,第二季,41,羊肚菌,食用菌,0.6
E13,普通大棚,2028,第一季,21,西红柿,蔬菜 ,0.6
E13,普通大棚,2028,第二季,41,羊肚菌,食用菌,0.6
E14,普通大棚,2028,第一季,29,黄瓜,蔬菜 ,0.6
E14,普通大棚,2028,第二季,41,羊肚菌,食用菌,0.6
E15,普通大棚,2028,第一季,30,生菜,蔬菜 ,0.3
E15,普通大棚,2028,第一季,27,油麦菜,蔬菜 ,0.3
E15,普通大棚,2028,第二季,41,羊肚菌,食用菌,0.6
E16,普通大棚,2028,第一季,31,辣椒,蔬菜 ,0.6
E16,普通大棚,2028,第二季,41,羊肚菌,食用菌,0.6
F1,智慧大棚,2028,第一季,32,空心菜,蔬菜 ,0.3
F1,智慧大棚,2028,第一季,33,黄心菜,蔬菜 ,0.3
F1,智慧大棚,2028,第二季,24,青椒,蔬菜 ,0.3
F1,智慧大棚,2028,第二季,21,西红柿,蔬菜 ,0.3
F2,智慧大棚,2028,第一季,25,菜花,蔬菜 ,0.3
F2,智慧大棚,2028,第一季,26,包菜,蔬菜 ,0.3
F2,智慧大棚,2028,第二季,22,茄子,蔬菜 ,0.3
F2,智慧大棚,2028,第二季,29,黄瓜,蔬菜 ,0.3
F3,智慧大棚,2028,第一季,17,豇豆,蔬菜（豆类）,0.6
F3,智慧大棚,2028,第二季,28,小青菜,蔬菜 ,0.3
F3,智慧大棚,2028,第二季,30,生菜 ,蔬菜 ,0.3
F4,智慧大棚,2028,第一季,19,芸豆,蔬菜（豆类）,0.6
F4,智慧大棚,2028,第二季,34,芹菜,蔬菜 ,0.3
F4,智慧大棚,2028,第二季,23,菠菜 ,蔬菜 ,0.3
A1,平旱地,2029,单季,6,小麦,粮食,80.0
A2,平旱地,2029,单季,7,玉米,粮食,55.0
A3,平旱地,2029,单季,7,玉米,粮食,35.0
A4,平旱地,2029,单季,1,黄豆,粮食（豆类）,72.0
A5,平旱地,2029,单季,4,绿豆,粮食（豆类）,68.0
A6,平旱地,2029,单季,8,谷子,粮食,55.0
B1,梯田,2029,单季,6,小麦,粮食,60.0
B2,梯田,2029,单季,2,黑豆,粮食（豆类）,46.0
B3,梯田,2029,单季,3,红豆,粮食（豆类）,40.0
B4,梯田,2029,单季,4,绿豆,粮食（豆类）,28.0
B5,梯田,2029,单季,5,爬豆,粮食（豆类）,25.0
B6,梯田,2029,单季,8,谷子,粮食,86.0
B7,梯田,2029,单季,6,小麦,粮食,55.0
B8,梯田,2029,单季,8,谷子,粮食,44.0
B9,梯田,2029,单季,9,高粱,粮食,50.0
B10,梯田,2029,单季,10,黍子,粮食,25.0
B11,梯田,2029,单季,1,黄豆,粮食（豆类）,60.0
B12,梯田,2029,单季,7,玉米,粮食,45.0
B13,梯田,2029,单季,14,莜麦,粮食,35.0
B14,梯田,2029,单季,15,大麦,粮食,20.0
C1,山坡地,2029,单季,11,荞麦,粮食,15.0
C2,山坡地,2029,单季,12,南瓜,粮食,13.0
C3,山坡地,2029,单季,1,黄豆,粮食（豆类）,15.0
C4,山坡地,2029,单季,13,红薯,粮食,18.0
C5,山坡地,2029,单季,6,小麦,粮食,27.0
C6,山坡地,2029,单季,3,红豆,粮食（豆类）,20.0
D1,水浇地,2029,第一季,20,土豆,蔬菜 ,15.0
D1,水浇地,2029,第二季,36,白萝卜,蔬菜 ,15.0
D2,水浇地,2029,第一季,28,小青菜,蔬菜 ,10.0
D2,水浇地,2029,第二季,35,大白菜,蔬菜 ,10.0
D3,水浇地,2029,第一季,21,西红柿,蔬菜 ,14.0
D3,水浇地,2029,第二季,35,大白菜,蔬菜 ,14.0
D4,水浇地,2029,第一季,22,茄子,蔬菜 ,6.0
D4,水浇地,2029,第二季,35,大白菜,蔬菜 ,6.0
D5,水浇地,2029,第一季,17,豇豆,蔬菜（豆类）,10.0
D5,水浇地,2029,第二季,36,白萝卜,蔬菜 ,10.0
D6,水浇地,2029,第一季,18,刀豆,蔬菜（豆类）,12.0
D6,水浇地,2029,第二季,37,红萝卜,蔬菜 ,12.0
D7,水浇地,2029,单季,16,水稻,粮食,22.0
D8,水浇地,2029,单季,16,水稻,粮食,20.0
E1,普通大棚,2029,第一季,18,刀豆,蔬菜（豆类）,0.6
E1,普通大棚,2029,第二季,38,榆黄菇,食用菌,0.6
E2,普通大棚,2029,第一季,24,青椒,蔬菜 ,0.6
E2,普通大棚,2029,第二季,38,榆黄菇,食用菌,0.6
E3,普通大棚,2029,第一季,25,菜花,蔬菜 ,0.6
E3,普通大棚,2029,第二季,38,榆黄菇,食用菌,0.6
E4,普通大棚,2029,第一季,26,包菜,蔬菜 ,0.6
E4,普通大棚,2029,第二季,39,香菇,食用菌,0.6
E5,普通大棚,2029,第一季,28,小青菜,蔬菜 ,0.6
E5,普通大棚,2029,第二季,39,香菇,食用菌,0.6
E6,普通大棚,2029,第一季,27,油麦菜,蔬菜 ,0.6
E6,普通大棚,2029,第二季,39,香菇,食用菌,0.6
E7,普通大棚,2029,第一季,19,芸豆,蔬菜（豆类）,0.6
E7,普通大棚,2029,第二季,40,白灵菇,食用菌,0.6
E8,普通大棚,2029,第一季,19,芸豆,蔬菜（豆类）,0.6
E8,普通大棚,2029,第二季,40,白灵菇,食用菌,0.6
E9,普通大棚,2029,第一季,18,刀豆,蔬菜（豆类）,0.6
E9,普通大棚,2029,第二季,40,白灵菇,食用菌,0.6
E10,普通大棚,2029,第一季,17,豇豆,蔬菜（豆类）,0.6
E10,普通大棚,2029,第二季,41,羊肚菌,食用菌,0.6
E11,普通大棚,2029,第一季,17,豇豆,蔬菜（豆类）,0.6
E11,普通大棚,2029,第二季,41,羊肚菌,食用菌,0.6
E12,普通大棚,2029,第一季,22,茄子,蔬菜 ,0.6
E12,普通大棚,2029,第二季,41,羊肚菌,食用菌,0.6
E13,普通大棚,2029,第一季,21,西红柿,蔬菜 ,0.6
E13,普通大棚,2029,第二季,41,羊肚菌,食用菌,0.6
E14,普通大棚,2029,第一季,29,黄瓜,蔬菜 ,0.6
E14,普通大棚,2029,第二季,41,羊肚菌,食用菌,0.6
E15,普通大棚,2029,第一季,30,生菜,蔬菜 ,0.3
E15,普通大棚,2029,第一季,27,油麦菜,蔬菜 ,0.3
E15,普通大棚,2029,第二季,41,羊肚菌,食用菌,0.6
E16,普通大棚,2029,第一季,31,辣椒,蔬菜 ,0.6
E16,普通大棚,2029,第二季,41,羊肚菌,食用菌,0.6
F1,智慧大棚,2029,第一季,32,空心菜,蔬菜 ,0.3
F1,智慧大棚,2029,第一季,33,黄心菜,蔬菜 ,0.3
F1,智慧大棚,2029,第二季,24,青椒,蔬菜 ,0.3
F1,智慧大棚,2029,第二季,21,西红柿,蔬菜 ,0.3
F2,智慧大棚,2029,第一季,25,菜花,蔬菜 ,0.3
F2,智慧大棚,2029,第一季,26,包菜,蔬菜 ,0.3
F2,智慧大棚,2029,第二季,22,茄子,蔬菜 ,0.3
F2,智慧大棚,2029,第二季,29,黄瓜,蔬菜 ,0.3
F3,智慧大棚,2029,第一季,17,豇豆,蔬菜（豆类）,0.6
F3,智慧大棚,2029,第二季,28,小青菜,蔬菜 ,0.3
F3,智慧大棚,2029,第二季,30,生菜 ,蔬菜 ,0.3
F4,智慧大棚,2029,第一季,19,芸豆,蔬菜（豆类）,0.6
F4,智慧大棚,2029,第二季,34,芹菜,蔬菜 ,0.3
F4,智慧大棚,2029,第二季,23,菠菜 ,蔬菜 ,0.3
A1,平旱地,2030,单季,6,小麦,粮食,80.0
A2,平旱地,2030,单季,7,玉米,粮食,55.0
A3,平旱地,2030,单季,7,玉米,粮食,35.0
A4,平旱地,2030,单季,1,黄豆,粮食（豆类）,72.0
A5,平旱地,2030,单季,4,绿豆,粮食（豆类）,68.0
A6,平旱地,2030,单季,8,谷子,粮食,55.0
B1,梯田,2030,单季,6,小麦,粮食,60.0
B2,梯田,2030,单季,2,黑豆,粮食（豆类）,46.0
B3,梯田,2030,单季,3,红豆,粮食（豆类）,40.0
B4,梯田,2030,单季,4,绿豆,粮食（豆类）,28.0
B5,梯田,2030,单季,5,爬豆,粮食（豆类）,25.0
B6,梯田,2030,单季,8,谷子,粮食,86.0
B7,梯田,2030,单季,6,小麦,粮食,55.0
B8,梯田,2030,单季,8,谷子,粮食,44.0
B9,梯田,2030,单季,9,高粱,粮食,50.0
B10,梯田,2030,单季,10,黍子,粮食,25.0
B11,梯田,2030,单季,1,黄豆,粮食（豆类）,60.0
B12,梯田,2030,单季,7,玉米,粮食,45.0
B13,梯田,2030,单季,14,莜麦,粮食,35.0
B14,梯田,2030,单季,15,大麦,粮食,20.0
C1,山坡地,2030,单季,11,荞麦,粮食,15.0
C2,山坡地,2030,单季,12,南瓜,粮食,13.0
C3,山坡地,2030,单季,1,黄豆,粮食（豆类）,15.0
C4,山坡地,2030,单季,13,红薯,粮食,18.0
C5,山坡地,2030,单季,6,小麦,粮食,27.0
C6,山坡地,2030,单季,3,红豆,粮食（豆类）,20.0
D1,水浇地,2030,第一季,20,土豆,蔬菜 ,15.0
D1,水浇地,2030,第二季,36,白萝卜,蔬菜 ,15.0
D2,水浇地,2030,第一季,28,小青菜,蔬菜 ,10.0
D2,水浇地,2030,第二季,35,大白菜,蔬菜 ,10.0
D3,水浇地,2030,第一季,21,西红柿,蔬菜 ,14.0
D3,水浇地,2030,第二季,35,大白菜,蔬菜 ,14.0
D4,水浇地,2030,第一季,22,茄子,蔬菜 ,6.0
D4,水浇地,2030,第二季,35,大白菜,蔬菜 ,6.0
D5,水浇地,2030,第一季,17,豇豆,蔬菜（豆类）,10.0
D5,水浇地,2030,第二季,36,白萝卜,蔬菜 ,10.0
D6,水浇地,2030,第一季,18,刀豆,蔬菜（豆类）,12.0
D6,水浇地,2030,第二季,37,红萝卜,蔬菜 ,12.0
D7,水浇地,2030,单季,16,水稻,粮食,22.0
D8,水浇地,2030,单季,16,水稻,粮食,20.0
E1,普通大棚,2030,第一季,18,刀豆,蔬菜（豆类）,0.6
E1,普通大棚,2030,第二季,38,榆黄菇,食用菌,0.6
E2,普通大棚,2030,第一季,24,青椒,蔬菜 ,0.6
E2,普通大棚,2030,第二季,38,榆黄菇,食用菌,0.6
E3,普通大棚,2030,第一季,25,菜花,蔬菜 ,0.6
E3,普通大棚,2030,第二季,38,榆黄菇,食用菌,0.6
E4,普通大棚,2030,第一季,26,包菜,蔬菜 ,0.6
E4,普通大棚,2030,第二季,39,香菇,食用菌,0.6
E5,普通大棚,2030,第一季,28,小青菜,蔬菜 ,0.6
E5,普通大棚,2030,第二季,39,香菇,食用菌,0.6
E6,普通大棚,2030,第一季,27,油麦菜,蔬菜 ,0.6
E6,普通大棚,2030,第二季,39,香菇,食用菌,0.6
E7,普通大棚,2030,第一季,19,芸豆,蔬菜（豆类）,0.6
E7,普通大棚,2030,第二季,40,白灵菇,食用菌,0.6
E8,普通大棚,2030,第一季,19,芸豆,蔬菜（豆类）,0.6
E8,普通大棚,2030,第二季,40,白灵菇,食用菌,0.6
E9,普通大棚,2030,第一季,18,刀豆,蔬菜（豆类）,0.6
E9,普通大棚,2030,第二季,40,白灵菇,食用菌,0.6
E10,普通大棚,2030,第一季,17,豇豆,蔬菜（豆类）,0.6
E10,普通大棚,2030,第二季,41,羊肚菌,食用菌,0.6
E11,普通大棚,2030,第一季,17,豇豆,蔬菜（豆类）,0.6
E11,普通大棚,2030,第二季,41,羊肚菌,食用菌,0.6
E12,普通大棚,2030,第一季,22,茄子,蔬菜 ,0.6
E12,普通大棚,2030,第二季,41,羊肚菌,食用菌,0.6
E13,普通大棚,2030,第一季,21,西红柿,蔬菜 ,0.6
E13,普通大棚,2030,第二季,41,羊肚菌,食用菌,0.6
E14,普通大棚,2030,第一季,29,黄瓜,蔬菜 ,0.6
E14,普通大棚,2030,第二季,41,羊肚菌,食用菌,0.6
E15,普通大棚,2030,第一季,30,生菜,蔬菜 ,0.3
E15,普通大棚,2030,第一季,27,油麦菜,蔬菜 ,0.3
E15,普通大棚,2030,第二季,41,羊肚菌,食用菌,0.6
E16,普通大棚,2030,第一季,31,辣椒,蔬菜 ,0.6
E16,普通大棚,2030,第二季,41,羊肚菌,食用菌,0.6
F1,智慧大棚,2030,第一季,32,空心菜,蔬菜 ,0.3
F1,智慧大棚,2030,第一季,33,黄心菜,蔬菜 ,0.3
F1,智慧大棚,2030,第二季,24,青椒,蔬菜 ,0.3
F1,智慧大棚,2030,第二季,21,西红柿,蔬菜 ,0.3
F2,智慧大棚,2030,第一季,25,菜花,蔬菜 ,0.3
F2,智慧大棚,2030,第一季,26,包菜,蔬菜 ,0.3
F2,智慧大棚,2030,第二季,22,茄子,蔬菜 ,0.3
F2,智慧大棚,2030,第二季,29,黄瓜,蔬菜 ,0.3
F3,智慧大棚,2030,第一季,17,豇豆,蔬菜（豆类）,0.6
F3,智慧大棚,2030,第二季,28,小青菜,蔬菜 ,0.3
F3,智慧大棚,2030,第二季,30,生菜 ,蔬菜 ,0.3
F4,智慧大棚,2030,第一季,19,芸豆,蔬菜（豆类）,0.6
F4,智慧大棚,2030,第二季,34,芹菜,蔬菜 ,0.3
F4,智慧大棚,2030,第二季,23,菠菜 ,蔬菜 ,0.3
