plot,land_type,year,season,stat_land_type,stat_season,crop_id,crop_name,crop_type,area_mu,yield_jin_mu,production_jin,cost_yuan
A1,平旱地,2024,单季,平旱地,单季,3,红豆,粮食（豆类）,80.0,360.0,28800.0,29400.0
A2,平旱地,2024,单季,平旱地,单季,1,黄豆,粮食（豆类）,55.0,360.0,19800.0,23100.0
A3,平旱地,2024,单季,平旱地,单季,9,高粱,粮食,35.0,567.0,19845.0,14700.0
A4,平旱地,2024,单季,平旱地,单季,3,红豆,粮食（豆类）,72.0,360.0,25920.0,26460.0
A5,平旱地,2024,单季,平旱地,单季,1,黄豆,粮食（豆类）,68.0,360.0,24480.0,28560.0
A6,平旱地,2024,单季,平旱地,单季,1,黄豆,粮食（豆类）,55.0,360.0,19800.0,23100.0
B1,梯田,2024,单季,梯田,单季,11,荞麦,粮食,60.0,94.5,5670.0,22050.0
B10,梯田,2024,单季,梯田,单季,5,爬豆,粮食（豆类）,25.0,355.5,8887.5,9187.5
B11,梯田,2024,单季,梯田,单季,3,红豆,粮食（豆类）,60.0,342.0,20520.0,22050.0
B12,梯田,2024,单季,梯田,单季,5,爬豆,粮食（豆类）,45.0,355.5,15997.5,16537.5
B13,梯田,2024,单季,梯田,单季,4,绿豆,粮食（豆类）,35.0,297.0,10395.0,12862.5
B14,梯田,2024,单季,梯田,单季,9,高粱,粮食,20.0,540.0,10800.0,8400.0
B2,梯田,2024,单季,梯田,单季,3,红豆,粮食（豆类）,46.0,342.0,15732.0,16905.0
B3,梯田,2024,单季,梯田,单季,11,荞麦,粮食,40.0,94.5,3780.0,14700.0
B4,梯田,2024,单季,梯田,单季,2,黑豆,粮食（豆类）,28.0,427.5,11970.0,11760.0
B5,梯田,2024,单季,梯田,单季,3,红豆,粮食（豆类）,25.0,342.0,8550.0,9187.5
B6,梯田,2024,单季,梯田,单季,4,绿豆,粮食（豆类）,86.0,297.0,25542.0,31605.0
B7,梯田,2024,单季,梯田,单季,4,绿豆,粮食（豆类）,55.0,297.0,16335.0,20212.5
B8,梯田,2024,单季,梯田,单季,4,绿豆,粮食（豆类）,44.0,297.0,13068.0,16170.0
B9,梯田,2024,单季,梯田,单季,4,绿豆,粮食（豆类）,50.0,297.0,14850.0,18375.0
C1,山坡地,2024,单季,山坡地,单季,13,红薯,粮食,15.0,1800.0,27000.0,31500.0
C2,山坡地,2024,单季,山坡地,单季,2,黑豆,粮食（豆类）,13.0,405.0,5265.0,5460.0
C3,山坡地,2024,单季,山坡地,单季,12,南瓜,粮食,15.0,2430.0,36450.0,15750.0
C4,山坡地,2024,单季,山坡地,单季,11,荞麦,粮食,18.0,90.0,1620.0,6615.0
C5,山坡地,2024,单季,山坡地,单季,10,黍子,粮食,27.0,427.5,11542.5,10206.0
C6,山坡地,2024,单季,山坡地,单季,5,爬豆,粮食（豆类）,20.0,337.5,6750.0,7350.0
D1,水浇地,2024,第一季,水浇地,单季,16,水稻,粮食,15.0,450.0,6750.0,10710.0
D2,水浇地,2024,第一季,水浇地,第一季,18,刀豆,蔬菜（豆类）,10.0,1800.0,18000.0,10500.0
D2,水浇地,2024,第二季,水浇地,第二季,35,大白菜,蔬菜,10.0,4500.0,45000.0,21000.0
D3,水浇地,2024,第一季,水浇地,第一季,18,刀豆,蔬菜（豆类）,14.0,1800.0,25200.0,14700.0
D3,水浇地,2024,第二季,水浇地,第二季,36,白萝卜,蔬菜,14.0,3600.0,50400.0,7350.0
D4,水浇地,2024,第一季,水浇地,第一季,17,豇豆,蔬菜（豆类）,6.0,2700.0,16200.0,12600.0
D4,水浇地,2024,第二季,水浇地,第二季,37,红萝卜,蔬菜,6.0,2700.0,16200.0,3150.0
D5,水浇地,2024,第一季,水浇地,第一季,17,豇豆,蔬菜（豆类）,10.0,2700.0,27000.0,21000.0
D5,水浇地,2024,第二季,水浇地,第二季,37,红萝卜,蔬菜,10.0,2700.0,27000.0,5250.0
D6,水浇地,2024,第一季,水浇地,单季,16,水稻,粮食,12.0,450.0,5400.0,8568.0
D7,水浇地,2024,第一季,水浇地,第一季,34,芹菜,蔬菜,22.0,4950.0,108900.0,20790.0
D7,水浇地,2024,第二季,水浇地,第二季,35,大白菜,蔬菜,22.0,4500.0,99000.0,46200.0
D8,水浇地,2024,第一季,水浇地,第一季,34,芹菜,蔬菜,20.0,4950.0,99000.0,18900.0
D8,水浇地,2024,第二季,水浇地,第二季,36,白萝卜,蔬菜,20.0,3600.0,72000.0,10500.0
E1,普通大棚,2024,第一季,普通大棚,第一季,22,茄子,蔬菜,0.6,7200.0,4320.0,1512.0
E1,普通大棚,2024,第二季,普通大棚,第二季,38,榆黄菇,食用菌,0.6,4500.0,2700.0,1890.0
E10,普通大棚,2024,第一季,普通大棚,第一季,22,茄子,蔬菜,0.6,7200.0,4320.0,1512.0
E10,普通大棚,2024,第二季,普通大棚,第二季,40,白灵菇,食用菌,0.6,9000.0,5400.0,6300.0
E11,普通大棚,2024,第一季,普通大棚,第一季,22,茄子,蔬菜,0.6,7200.0,4320.0,1512.0
E11,普通大棚,2024,第二季,普通大棚,第二季,40,白灵菇,食用菌,0.6,9000.0,5400.0,6300.0
E12,普通大棚,2024,第一季,普通大棚,第一季,22,茄子,蔬菜,0.6,7200.0,4320.0,1512.0
E12,普通大棚,2024,第二季,普通大棚,第二季,39,香菇,食用菌,0.6,3600.0,2160.0,1260.0
E13,普通大棚,2024,第一季,普通大棚,第一季,19,芸豆,蔬菜（豆类）,0.6,3240.0,1944.0,1512.0
E13,普通大棚,2024,第二季,普通大棚,第二季,41,羊肚菌,食用菌,0.6,900.0,540.0,6300.0
E14,普通大棚,2024,第一季,普通大棚,第一季,32,空心菜,蔬菜,0.6,10800.0,6480.0,3150.0
E14,普通大棚,2024,第二季,普通大棚,第二季,38,榆黄菇,食用菌,0.6,4500.0,2700.0,1890.0
E15,普通大棚,2024,第一季,普通大棚,第一季,26,包菜,蔬菜,0.6,4050.0,2430.0,2205.0
E15,普通大棚,2024,第二季,普通大棚,第二季,41,羊肚菌,食用菌,0.6,900.0,540.0,6300.0
E16,普通大棚,2024,第一季,普通大棚,第一季,22,茄子,蔬菜,0.6,7200.0,4320.0,1512.0
E16,普通大棚,2024,第二季,普通大棚,第二季,39,香菇,食用菌,0.6,3600.0,2160.0,1260.0
E2,普通大棚,2024,第一季,普通大棚,第一季,22,茄子,蔬菜,0.6,7200.0,4320.0,1512.0
E2,普通大棚,2024,第二季,普通大棚,第二季,41,羊肚菌,食用菌,0.6,900.0,540.0,6300.0
E3,普通大棚,2024,第一季,普通大棚,第一季,22,茄子,蔬菜,0.6,7200.0,4320.0,1512.0
E3,普通大棚,2024,第二季,普通大棚,第二季,41,羊肚菌,食用菌,0.6,900.0,540.0,6300.0
E4,普通大棚,2024,第一季,普通大棚,第一季,22,茄子,蔬菜,0.6,7200.0,4320.0,1512.0
E4,普通大棚,2024,第二季,普通大棚,第二季,41,羊肚菌,食用菌,0.6,900.0,540.0,6300.0
E5,普通大棚,2024,第一季,普通大棚,第一季,19,芸豆,蔬菜（豆类）,0.6,3240.0,1944.0,1512.0
E5,普通大棚,2024,第二季,普通大棚,第二季,41,羊肚菌,食用菌,0.6,900.0,540.0,6300.0
E6,普通大棚,2024,第一季,普通大棚,第一季,26,包菜,蔬菜,0.6,4050.0,2430.0,2205.0
E6,普通大棚,2024,第二季,普通大棚,第二季,41,羊肚菌,食用菌,0.6,900.0,540.0,6300.0
E7,普通大棚,2024,第一季,普通大棚,第一季,29,黄瓜,蔬菜,0.6,13500.0,8100.0,2205.0
E7,普通大棚,2024,第二季,普通大棚,第二季,39,香菇,食用菌,0.6,3600.0,2160.0,1260.0
E8,普通大棚,2024,第一季,普通大棚,第一季,22,茄子,蔬菜,0.6,7200.0,4320.0,1512.0
E8,普通大棚,2024,第二季,普通大棚,第二季,38,榆黄菇,食用菌,0.6,4500.0,2700.0,1890.0
E9,普通大棚,2024,第一季,普通大棚,第一季,22,茄子,蔬菜,0.6,7200.0,4320.0,1512.0
E9,普通大棚,2024,第二季,普通大棚,第二季,40,白灵菇,食用菌,0.6,9000.0,5400.0,6300.0
F1,智慧大棚,2024,第一季,普通大棚,第一季,29,黄瓜,蔬菜,0.6,13500.0,8100.0,2205.0
F1,智慧大棚,2024,第二季,智慧大棚,第二季,34,芹菜,蔬菜,0.6,5400.0,3240.0,756.0
F2,智慧大棚,2024,第一季,普通大棚,第一季,19,芸豆,蔬菜（豆类）,0.6,3240.0,1944.0,1512.0
F2,智慧大棚,2024,第二季,智慧大棚,第二季,34,芹菜,蔬菜,0.6,5400.0,3240.0,756.0
F3,智慧大棚,2024,第一季,普通大棚,第一季,19,芸豆,蔬菜（豆类）,0.6,3240.0,1944.0,1512.0
F3,智慧大棚,2024,第二季,智慧大棚,第二季,34,芹菜,蔬菜,0.6,5400.0,3240.0,756.0
F4,智慧大棚,2024,第一季,普通大棚,第一季,17,豇豆,蔬菜（豆类）,0.6,3240.0,1944.0,1512.0
F4,智慧大棚,2024,第二季,智慧大棚,第二季,34,芹菜,蔬菜,0.6,5400.0,3240.0,756.0
A1,平旱地,2025,单季,平旱地,单季,1,黄豆,粮食（豆类）,80.0,360.0,28800.0,35280.0
A2,平旱地,2025,单季,平旱地,单季,11,荞麦,粮食,55.0,99.0,5445.0,21223.125
A3,平旱地,2025,单季,平旱地,单季,1,黄豆,粮食（豆类）,35.0,360.0,12600.0,15435.0
A4,平旱地,2025,单季,平旱地,单季,4,绿豆,粮食（豆类）,72.0,315.0,22680.0,27783.0
A5,平旱地,2025,单季,平旱地,单季,3,红豆,粮食（豆类）,68.0,360.0,24480.0,26239.5
A6,平旱地,2025,单季,平旱地,单季,3,红豆,粮食（豆类）,55.0,360.0,19800.0,21223.125
B1,梯田,2025,单季,梯田,单季,3,红豆,粮食（豆类）,60.0,342.0,20520.0,23152.5
B10,梯田,2025,单季,梯田,单季,2,黑豆,粮食（豆类）,25.0,427.5,10687.5,11025.0
B11,梯田,2025,单季,梯田,单季,4,绿豆,粮食（豆类）,60.0,297.0,17820.0,23152.5
B12,梯田,2025,单季,梯田,单季,11,荞麦,粮食,45.0,94.5,4252.5,17364.375
B13,梯田,2025,单季,梯田,单季,9,高粱,粮食,35.0,540.0,18900.0,15435.0
B14,梯田,2025,单季,梯田,单季,5,爬豆,粮食（豆类）,20.0,355.5,7110.0,7717.5
B2,梯田,2025,单季,梯田,单季,5,爬豆,粮食（豆类）,46.0,355.5,16353.0,17750.25
B3,梯田,2025,单季,梯田,单季,3,红豆,粮食（豆类）,40.0,342.0,13680.0,15435.0
B4,梯田,2025,单季,梯田,单季,9,高粱,粮食,28.0,540.0,15120.0,12348.0
B5,梯田,2025,单季,梯田,单季,2,黑豆,粮食（豆类）,25.0,427.5,10687.5,11025.0
B6,梯田,2025,单季,梯田,单季,3,红豆,粮食（豆类）,86.0,342.0,29412.0,33185.25
B7,梯田,2025,单季,梯田,单季,5,爬豆,粮食（豆类）,55.0,355.5,19552.5,21223.125
B8,梯田,2025,单季,梯田,单季,5,爬豆,粮食（豆类）,44.0,355.5,15642.0,16978.5
B9,梯田,2025,单季,梯田,单季,3,红豆,粮食（豆类）,50.0,342.0,17100.0,19293.75
C1,山坡地,2025,单季,山坡地,单季,12,南瓜,粮食,15.0,2430.0,36450.0,16537.5
C2,山坡地,2025,单季,山坡地,单季,10,黍子,粮食,13.0,427.5,5557.5,5159.700000000001
C3,山坡地,2025,单季,山坡地,单季,2,黑豆,粮食（豆类）,15.0,405.0,6075.0,6615.0
C4,山坡地,2025,单季,山坡地,单季,10,黍子,粮食,18.0,427.5,7695.0,7144.200000000001
C5,山坡地,2025,单季,山坡地,单季,4,绿豆,粮食（豆类）,27.0,283.5,7654.5,10418.625
C6,山坡地,2025,单季,山坡地,单季,13,红薯,粮食,20.0,1800.0,36000.0,44100.0
D1,水浇地,2025,第一季,水浇地,第一季,18,刀豆,蔬菜（豆类）,15.0,1800.0,27000.0,16537.5
D1,水浇地,2025,第二季,水浇地,第二季,36,白萝卜,蔬菜,15.0,3600.0,54000.0,8268.75
D2,水浇地,2025,第一季,水浇地,第一季,34,芹菜,蔬菜,10.0,4950.0,49500.0,9922.5
D2,水浇地,2025,第二季,水浇地,第二季,37,红萝卜,蔬菜,10.0,2700.0,27000.0,5512.5
D3,水浇地,2025,第一季,水浇地,单季,16,水稻,粮食,14.0,450.0,6300.0,10495.800000000001
D4,水浇地,2025,第一季,水浇地,第一季,22,茄子,蔬菜,6.0,5760.0,34560.0,13230.0
D4,水浇地,2025,第二季,水浇地,第二季,37,红萝卜,蔬菜,6.0,2700.0,16200.0,3307.5
D5,水浇地,2025,第一季,水浇地,第一季,17,豇豆,蔬菜（豆类）,10.0,2700.0,27000.0,22050.0
D5,水浇地,2025,第二季,水浇地,第二季,35,大白菜,蔬菜,10.0,4500.0,45000.0,22050.0
D6,水浇地,2025,第一季,水浇地,第一季,18,刀豆,蔬菜（豆类）,12.0,1800.0,21600.0,13230.0
D6,水浇地,2025,第二季,水浇地,第二季,36,白萝卜,蔬菜,12.0,3600.0,43200.0,6615.0
D7,水浇地,2025,第一季,水浇地,第一季,18,刀豆,蔬菜（豆类）,22.0,1800.0,39600.0,24255.0
D7,水浇地,2025,第二季,水浇地,第二季,35,大白菜,蔬菜,22.0,4500.0,99000.0,48510.0
D8,水浇地,2025,第一季,水浇地,单季,16,水稻,粮食,20.0,450.0,9000.0,14994.0
E1,普通大棚,2025,第一季,普通大棚,第一季,19,芸豆,蔬菜（豆类）,0.6,3240.0,1944.0,1587.6
E1,普通大棚,2025,第二季,普通大棚,第二季,40,白灵菇,食用菌,0.6,9000.0,5400.0,6615.0
E10,普通大棚,2025,第一季,普通大棚,第一季,17,豇豆,蔬菜（豆类）,0.6,3240.0,1944.0,1587.6
E10,普通大棚,2025,第二季,普通大棚,第二季,38,榆黄菇,食用菌,0.6,4500.0,2700.0,1984.5
E11,普通大棚,2025,第一季,普通大棚,第一季,17,豇豆,蔬菜（豆类）,0.6,3240.0,1944.0,1587.6
E11,普通大棚,2025,第二季,普通大棚,第二季,39,香菇,食用菌,0.6,3600.0,2160.0,1323.0
E12,普通大棚,2025,第一季,普通大棚,第一季,26,包菜,蔬菜,0.6,4050.0,2430.0,2315.25
E12,普通大棚,2025,第二季,普通大棚,第二季,39,香菇,食用菌,0.6,3600.0,2160.0,1323.0
E13,普通大棚,2025,第一季,普通大棚,第一季,22,茄子,蔬菜,0.6,7200.0,4320.0,1587.6
E13,普通大棚,2025,第二季,普通大棚,第二季,41,羊肚菌,食用菌,0.6,900.0,540.0,6615.0
E14,普通大棚,2025,第一季,普通大棚,第一季,17,豇豆,蔬菜（豆类）,0.6,3240.0,1944.0,1587.6
E14,普通大棚,2025,第二季,普通大棚,第二季,41,羊肚菌,食用菌,0.6,900.0,540.0,6615.0
E15,普通大棚,2025,第一季,普通大棚,第一季,26,包菜,蔬菜,0.6,4050.0,2430.0,2315.25
E15,普通大棚,2025,第二季,普通大棚,第二季,39,香菇,食用菌,0.6,3600.0,2160.0,1323.0
E16,普通大棚,2025,第一季,普通大棚,第一季,19,芸豆,蔬菜（豆类）,0.6,3240.0,1944.0,1587.6
E16,普通大棚,2025,第二季,普通大棚,第二季,38,榆黄菇,食用菌,0.6,4500.0,2700.0,1984.5
E2,普通大棚,2025,第一季,普通大棚,第一季,19,芸豆,蔬菜（豆类）,0.6,3240.0,1944.0,1587.6
E2,普通大棚,2025,第二季,普通大棚,第二季,41,羊肚菌,食用菌,0.6,900.0,540.0,6615.0
E3,普通大棚,2025,第一季,普通大棚,第一季,19,芸豆,蔬菜（豆类）,0.6,3240.0,1944.0,1587.6
E3,普通大棚,2025,第二季,普通大棚,第二季,41,羊肚菌,食用菌,0.6,900.0,540.0,6615.0
E4,普通大棚,2025,第一季,普通大棚,第一季,29,黄瓜,蔬菜,0.6,13500.0,8100.0,2315.25
E4,普通大棚,2025,第二季,普通大棚,第二季,38,榆黄菇,食用菌,0.6,4500.0,2700.0,1984.5
E5,普通大棚,2025,第一季,普通大棚,第一季,17,豇豆,蔬菜（豆类）,0.6,3240.0,1944.0,1587.6
E5,普通大棚,2025,第二季,普通大棚,第二季,41,羊肚菌,食用菌,0.6,900.0,540.0,6615.0
E6,普通大棚,2025,第一季,普通大棚,第一季,29,黄瓜,蔬菜,0.6,13500.0,8100.0,2315.25
E6,普通大棚,2025,第二季,普通大棚,第二季,41,羊肚菌,食用菌,0.6,900.0,540.0,6615.0
E7,普通大棚,2025,第一季,普通大棚,第一季,32,空心菜,蔬菜,0.6,10800.0,6480.0,3307.5
E7,普通大棚,2025,第二季,普通大棚,第二季,41,羊肚菌,食用菌,0.6,900.0,540.0,6615.0
E8,普通大棚,2025,第一季,普通大棚,第一季,17,豇豆,蔬菜（豆类）,0.6,3240.0,1944.0,1587.6
E8,普通大棚,2025,第二季,普通大棚,第二季,40,白灵菇,食用菌,0.6,9000.0,5400.0,6615.0
E9,普通大棚,2025,第一季,普通大棚,第一季,22,茄子,蔬菜,0.6,7200.0,4320.0,1587.6
E9,普通大棚,2025,第二季,普通大棚,第二季,40,白灵菇,食用菌,0.6,9000.0,5400.0,6615.0
F1,智慧大棚,2025,第一季,普通大棚,第一季,22,茄子,蔬菜,0.6,7200.0,4320.0,1587.6
F1,智慧大棚,2025,第二季,智慧大棚,第二季,18,刀豆,蔬菜（豆类）,0.6,1980.0,1188.0,873.18
F2,智慧大棚,2025,第一季,普通大棚,第一季,22,茄子,蔬菜,0.6,7200.0,4320.0,1587.6
F2,智慧大棚,2025,第二季,智慧大棚,第二季,34,芹菜,蔬菜,0.6,5400.0,3240.0,793.8
F3,智慧大棚,2025,第一季,普通大棚,第一季,22,茄子,蔬菜,0.6,7200.0,4320.0,1587.6
F3,智慧大棚,2025,第二季,智慧大棚,第二季,34,芹菜,蔬菜,0.6,5400.0,3240.0,793.8
F4,智慧大棚,2025,第一季,普通大棚,第一季,22,茄子,蔬菜,0.6,7200.0,4320.0,1587.6
F4,智慧大棚,2025,第二季,智慧大棚,第二季,18,刀豆,蔬菜（豆类）,0.6,1980.0,1188.0,873.18
A1,平旱地,2026,单季,平旱地,单季,5,爬豆,粮食（豆类）,80.0,373.5,29880.0,32413.500000000004
A2,平旱地,2026,单季,平旱地,单季,1,黄豆,粮食（豆类）,55.0,360.0,19800.0,25467.750000000004
A3,平旱地,2026,单季,平旱地,单季,9,高粱,粮食,35.0,567.0,19845.0,16206.750000000002
A4,平旱地,2026,单季,平旱地,单季,1,黄豆,粮食（豆类）,72.0,360.0,25920.0,33339.600000000006
A5,平旱地,2026,单季,平旱地,单季,1,黄豆,粮食（豆类）,68.0,360.0,24480.0,31487.400000000005
A6,平旱地,2026,单季,平旱地,单季,11,荞麦,粮食,55.0,99.0,5445.0,22284.281250000004
B1,梯田,2026,单季,梯田,单季,4,绿豆,粮食（豆类）,60.0,297.0,17820.0,24310.125000000004
B10,梯田,2026,单季,梯田,单季,11,荞麦,粮食,25.0,94.5,2362.5,10129.218750000002
B11,梯田,2026,单季,梯田,单季,5,爬豆,粮食（豆类）,60.0,355.5,21330.0,24310.125000000004
B12,梯田,2026,单季,梯田,单季,4,绿豆,粮食（豆类）,45.0,297.0,13365.0,18232.593750000004
B13,梯田,2026,单季,梯田,单季,3,红豆,粮食（豆类）,35.0,342.0,11970.0,14180.906250000002
B14,梯田,2026,单季,梯田,单季,13,红薯,粮食,20.0,1890.0,37800.0,46305.00000000001
B2,梯田,2026,单季,梯田,单季,4,绿豆,粮食（豆类）,46.0,297.0,13662.0,18637.7625
B3,梯田,2026,单季,梯田,单季,11,荞麦,粮食,40.0,94.5,3780.0,16206.750000000002
B4,梯田,2026,单季,梯田,单季,10,黍子,粮食,28.0,450.0,12600.0,11668.860000000002
B5,梯田,2026,单季,梯田,单季,9,高粱,粮食,25.0,540.0,13500.0,11576.250000000002
B6,梯田,2026,单季,梯田,单季,4,绿豆,粮食（豆类）,86.0,297.0,25542.0,34844.512500000004
B7,梯田,2026,单季,梯田,单季,3,红豆,粮食（豆类）,55.0,342.0,18810.0,22284.281250000004
B8,梯田,2026,单季,梯田,单季,2,黑豆,粮食（豆类）,44.0,427.5,18810.0,20374.200000000004
B9,梯田,2026,单季,梯田,单季,11,荞麦,粮食,50.0,94.5,4725.0,20258.437500000004
C1,山坡地,2026,单季,山坡地,单季,5,爬豆,粮食（豆类）,15.0,337.5,5062.5,6077.531250000001
C2,山坡地,2026,单季,山坡地,单季,2,黑豆,粮食（豆类）,13.0,405.0,5265.0,6019.650000000001
C3,山坡地,2026,单季,山坡地,单季,12,南瓜,粮食,15.0,2430.0,36450.0,17364.375000000004
C4,山坡地,2026,单季,山坡地,单季,3,红豆,粮食（豆类）,18.0,324.0,5832.0,7293.0375
C5,山坡地,2026,单季,山坡地,单季,5,爬豆,粮食（豆类）,27.0,337.5,9112.5,10939.556250000001
C6,山坡地,2026,单季,山坡地,单季,5,爬豆,粮食（豆类）,20.0,337.5,6750.0,8103.375000000001
D1,水浇地,2026,第一季,水浇地,第一季,34,芹菜,蔬菜,15.0,4950.0,74250.0,15627.937500000004
D1,水浇地,2026,第二季,水浇地,第二季,36,白萝卜,蔬菜,15.0,3600.0,54000.0,8682.187500000002
D2,水浇地,2026,第一季,水浇地,第一季,17,豇豆,蔬菜（豆类）,10.0,2700.0,27000.0,23152.500000000004
D2,水浇地,2026,第二季,水浇地,第二季,37,红萝卜,蔬菜,10.0,2700.0,27000.0,5788.125000000001
D3,水浇地,2026,第一季,水浇地,第一季,18,刀豆,蔬菜（豆类）,14.0,1800.0,25200.0,16206.750000000004
D3,水浇地,2026,第二季,水浇地,第二季,36,白萝卜,蔬菜,14.0,3600.0,50400.0,8103.375000000002
D4,水浇地,2026,第一季,水浇地,第一季,22,茄子,蔬菜,6.0,5760.0,34560.0,13891.500000000004
D4,水浇地,2026,第二季,水浇地,第二季,37,红萝卜,蔬菜,6.0,2700.0,16200.0,3472.875000000001
D5,水浇地,2026,第一季,水浇地,单季,16,水稻,粮食,10.0,450.0,4500.0,7871.85
D6,水浇地,2026,第一季,水浇地,第一季,34,芹菜,蔬菜,12.0,4950.0,59400.0,12502.350000000002
D6,水浇地,2026,第二季,水浇地,第二季,35,大白菜,蔬菜,12.0,4500.0,54000.0,27783.000000000007
D7,水浇地,2026,第一季,水浇地,单季,16,水稻,粮食,22.0,450.0,9900.0,17318.07
D8,水浇地,2026,第一季,水浇地,第一季,18,刀豆,蔬菜（豆类）,20.0,1800.0,36000.0,23152.500000000004
D8,水浇地,2026,第二季,水浇地,第二季,35,大白菜,蔬菜,20.0,4500.0,90000.0,46305.00000000001
E1,普通大棚,2026,第一季,普通大棚,第一季,19,芸豆,蔬菜（豆类）,0.6,3240.0,1944.0,1666.98
E1,普通大棚,2026,第二季,普通大棚,第二季,40,白灵菇,食用菌,0.6,9000.0,5400.0,6945.750000000001
E10,普通大棚,2026,第一季,普通大棚,第一季,32,空心菜,蔬菜,0.6,10800.0,6480.0,3472.8750000000005
E10,普通大棚,2026,第二季,普通大棚,第二季,41,羊肚菌,食用菌,0.6,900.0,540.0,6945.750000000001
E11,普通大棚,2026,第一季,普通大棚,第一季,26,包菜,蔬菜,0.6,4050.0,2430.0,2431.0125000000003
E11,普通大棚,2026,第二季,普通大棚,第二季,39,香菇,食用菌,0.6,3600.0,2160.0,1389.1500000000003
E12,普通大棚,2026,第一季,普通大棚,第一季,19,芸豆,蔬菜（豆类）,0.6,3240.0,1944.0,1666.98
E12,普通大棚,2026,第二季,普通大棚,第二季,41,羊肚菌,食用菌,0.6,900.0,540.0,6945.750000000001
E13,普通大棚,2026,第一季,普通大棚,第一季,22,茄子,蔬菜,0.6,7200.0,4320.0,1666.98
E13,普通大棚,2026,第二季,普通大棚,第二季,41,羊肚菌,食用菌,0.6,900.0,540.0,6945.750000000001
E14,普通大棚,2026,第一季,普通大棚,第一季,17,豇豆,蔬菜（豆类）,0.6,3240.0,1944.0,1666.98
E14,普通大棚,2026,第二季,普通大棚,第二季,41,羊肚菌,食用菌,0.6,900.0,540.0,6945.750000000001
E15,普通大棚,2026,第一季,普通大棚,第一季,19,芸豆,蔬菜（豆类）,0.6,3240.0,1944.0,1666.98
E15,普通大棚,2026,第二季,普通大棚,第二季,40,白灵菇,食用菌,0.6,9000.0,5400.0,6945.750000000001
E16,普通大棚,2026,第一季,普通大棚,第一季,22,茄子,蔬菜,0.6,7200.0,4320.0,1666.98
E16,普通大棚,2026,第二季,普通大棚,第二季,41,羊肚菌,食用菌,0.6,900.0,540.0,6945.750000000001
E2,普通大棚,2026,第一季,普通大棚,第一季,29,黄瓜,蔬菜,0.6,13500.0,8100.0,2431.0125000000003
E2,普通大棚,2026,第二季,普通大棚,第二季,38,榆黄菇,食用菌,0.6,4500.0,2700.0,2083.7250000000004
E3,普通大棚,2026,第一季,普通大棚,第一季,26,包菜,蔬菜,0.6,4050.0,2430.0,2431.0125000000003
E3,普通大棚,2026,第二季,普通大棚,第二季,39,香菇,食用菌,0.6,3600.0,2160.0,1389.1500000000003
E4,普通大棚,2026,第一季,普通大棚,第一季,17,豇豆,蔬菜（豆类）,0.6,3240.0,1944.0,1666.98
E4,普通大棚,2026,第二季,普通大棚,第二季,41,羊肚菌,食用菌,0.6,900.0,540.0,6945.750000000001
E5,普通大棚,2026,第一季,普通大棚,第一季,22,茄子,蔬菜,0.6,7200.0,4320.0,1666.98
E5,普通大棚,2026,第二季,普通大棚,第二季,40,白灵菇,食用菌,0.6,9000.0,5400.0,6945.750000000001
E6,普通大棚,2026,第一季,普通大棚,第一季,17,豇豆,蔬菜（豆类）,0.6,3240.0,1944.0,1666.98
E6,普通大棚,2026,第二季,普通大棚,第二季,38,榆黄菇,食用菌,0.6,4500.0,2700.0,2083.7250000000004
E7,普通大棚,2026,第一季,普通大棚,第一季,19,芸豆,蔬菜（豆类）,0.6,3240.0,1944.0,1666.98
E7,普通大棚,2026,第二季,普通大棚,第二季,38,榆黄菇,食用菌,0.6,4500.0,2700.0,2083.7250000000004
E8,普通大棚,2026,第一季,普通大棚,第一季,29,黄瓜,蔬菜,0.6,13500.0,8100.0,2431.0125000000003
E8,普通大棚,2026,第二季,普通大棚,第二季,41,羊肚菌,食用菌,0.6,900.0,540.0,6945.750000000001
E9,普通大棚,2026,第一季,普通大棚,第一季,17,豇豆,蔬菜（豆类）,0.6,3240.0,1944.0,1666.98
E9,普通大棚,2026,第二季,普通大棚,第二季,39,香菇,食用菌,0.6,3600.0,2160.0,1389.1500000000003
F1,智慧大棚,2026,第一季,普通大棚,第一季,22,茄子,蔬菜,0.6,7200.0,4320.0,1666.98
F1,智慧大棚,2026,第二季,智慧大棚,第二季,34,芹菜,蔬菜,0.6,5400.0,3240.0,833.49
F2,智慧大棚,2026,第一季,普通大棚,第一季,22,茄子,蔬菜,0.6,7200.0,4320.0,1666.98
F2,智慧大棚,2026,第二季,智慧大棚,第二季,34,芹菜,蔬菜,0.6,5400.0,3240.0,833.49
F3,智慧大棚,2026,第一季,普通大棚,第一季,22,茄子,蔬菜,0.6,7200.0,4320.0,1666.98
F3,智慧大棚,2026,第二季,智慧大棚,第二季,34,芹菜,蔬菜,0.6,5400.0,3240.0,833.49
F4,智慧大棚,2026,第一季,普通大棚,第一季,22,茄子,蔬菜,0.6,7200.0,4320.0,1666.98
F4,智慧大棚,2026,第二季,智慧大棚,第二季,34,芹菜,蔬菜,0.6,5400.0,3240.0,833.49
A1,平旱地,2027,单季,平旱地,单季,1,黄豆,粮食（豆类）,80.0,360.0,28800.0,38896.20000000001
A2,平旱地,2027,单季,平旱地,单季,4,绿豆,粮食（豆类）,55.0,315.0,17325.0,23398.495312500003
A3,平旱地,2027,单季,平旱地,单季,1,黄豆,粮食（豆类）,35.0,360.0,12600.0,17017.087500000005
A4,平旱地,2027,单季,平旱地,单季,11,荞麦,粮食,72.0,99.0,7128.0,30630.757500000003
A5,平旱地,2027,单季,平旱地,单季,5,爬豆,粮食（豆类）,68.0,373.5,25398.0,28929.048750000005
A6,平旱地,2027,单季,平旱地,单季,1,黄豆,粮食（豆类）,55.0,360.0,19800.0,26741.137500000004
B1,梯田,2027,单季,梯田,单季,5,爬豆,粮食（豆类）,60.0,355.5,21330.0,25525.631250000002
B10,梯田,2027,单季,梯田,单季,9,高粱,粮食,25.0,540.0,13500.0,12155.062500000002
B11,梯田,2027,单季,梯田,单季,11,荞麦,粮食,60.0,94.5,5670.0,25525.631250000002
B12,梯田,2027,单季,梯田,单季,3,红豆,粮食（豆类）,45.0,342.0,15390.0,19144.223437500004
B13,梯田,2027,单季,梯田,单季,9,高粱,粮食,35.0,540.0,18900.0,17017.087500000005
B14,梯田,2027,单季,梯田,单季,2,黑豆,粮食（豆类）,20.0,427.5,8550.0,9724.050000000003
B2,梯田,2027,单季,梯田,单季,5,爬豆,粮食（豆类）,46.0,355.5,16353.0,19569.650625000002
B3,梯田,2027,单季,梯田,单季,5,爬豆,粮食（豆类）,40.0,355.5,14220.0,17017.0875
B4,梯田,2027,单季,梯田,单季,3,红豆,粮食（豆类）,28.0,342.0,9576.0,11911.961250000002
B5,梯田,2027,单季,梯田,单季,11,荞麦,粮食,25.0,94.5,2362.5,10635.679687500002
B6,梯田,2027,单季,梯田,单季,5,爬豆,粮食（豆类）,86.0,355.5,30573.0,36586.738125
B7,梯田,2027,单季,梯田,单季,11,荞麦,粮食,55.0,94.5,5197.5,23398.495312500003
B8,梯田,2027,单季,梯田,单季,11,荞麦,粮食,44.0,94.5,4158.0,18718.796250000003
B9,梯田,2027,单季,梯田,单季,4,绿豆,粮食（豆类）,50.0,297.0,14850.0,21271.359375000004
C1,山坡地,2027,单季,山坡地,单季,12,南瓜,粮食,15.0,2430.0,36450.0,18232.593750000004
C2,山坡地,2027,单季,山坡地,单季,10,黍子,粮食,13.0,427.5,5557.5,5688.569250000001
C3,山坡地,2027,单季,山坡地,单季,2,黑豆,粮食（豆类）,15.0,405.0,6075.0,7293.037500000001
C4,山坡地,2027,单季,山坡地,单季,10,黍子,粮食,18.0,427.5,7695.0,7876.4805000000015
C5,山坡地,2027,单季,山坡地,单季,11,荞麦,粮食,27.0,90.0,2430.0,11486.5340625
C6,山坡地,2027,单季,山坡地,单季,13,红薯,粮食,20.0,1800.0,36000.0,48620.25000000001
D1,水浇地,2027,第一季,水浇地,单季,16,水稻,粮食,15.0,450.0,6750.0,12398.163750000002
D2,水浇地,2027,第一季,水浇地,第一季,17,豇豆,蔬菜（豆类）,10.0,2700.0,27000.0,24310.125000000004
D2,水浇地,2027,第二季,水浇地,第二季,36,白萝卜,蔬菜,10.0,3600.0,36000.0,6077.531250000001
D3,水浇地,2027,第一季,水浇地,单季,16,水稻,粮食,14.0,450.0,6300.0,11571.619500000003
D4,水浇地,2027,第一季,水浇地,第一季,17,豇豆,蔬菜（豆类）,6.0,2700.0,16200.0,14586.075
D4,水浇地,2027,第二季,水浇地,第二季,35,大白菜,蔬菜,6.0,4500.0,27000.0,14586.075
D5,水浇地,2027,第一季,水浇地,第一季,18,刀豆,蔬菜（豆类）,10.0,1800.0,18000.0,12155.062500000002
D5,水浇地,2027,第二季,水浇地,第二季,35,大白菜,蔬菜,10.0,4500.0,45000.0,24310.125000000004
D6,水浇地,2027,第一季,水浇地,第一季,18,刀豆,蔬菜（豆类）,12.0,1800.0,21600.0,14586.075
D6,水浇地,2027,第二季,水浇地,第二季,37,红萝卜,蔬菜,12.0,2700.0,32400.0,7293.0375
D7,水浇地,2027,第一季,水浇地,第一季,34,芹菜,蔬菜,22.0,4950.0,108900.0,24067.023750000008
D7,水浇地,2027,第二季,水浇地,第二季,35,大白菜,蔬菜,22.0,4500.0,99000.0,53482.27500000001
D8,水浇地,2027,第一季,水浇地,第一季,34,芹菜,蔬菜,20.0,4950.0,99000.0,21879.112500000007
D8,水浇地,2027,第二季,水浇地,第二季,36,白萝卜,蔬菜,20.0,3600.0,72000.0,12155.062500000002
E1,普通大棚,2027,第一季,普通大棚,第一季,26,包菜,蔬菜,0.6,4050.0,2430.0,2552.563125
E1,普通大棚,2027,第二季,普通大棚,第二季,38,榆黄菇,食用菌,0.6,4500.0,2700.0,2187.91125
E10,普通大棚,2027,第一季,普通大棚,第一季,19,芸豆,蔬菜（豆类）,0.6,3240.0,1944.0,1750.3290000000004
E10,普通大棚,2027,第二季,普通大棚,第二季,41,羊肚菌,食用菌,0.6,900.0,540.0,7293.037500000001
E11,普通大棚,2027,第一季,普通大棚,第一季,22,茄子,蔬菜,0.6,7200.0,4320.0,1750.3290000000004
E11,普通大棚,2027,第二季,普通大棚,第二季,40,白灵菇,食用菌,0.6,9000.0,5400.0,7293.037500000001
E12,普通大棚,2027,第一季,普通大棚,第一季,26,包菜,蔬菜,0.6,4050.0,2430.0,2552.563125
E12,普通大棚,2027,第二季,普通大棚,第二季,39,香菇,食用菌,0.6,3600.0,2160.0,1458.6075
E13,普通大棚,2027,第一季,普通大棚,第一季,19,芸豆,蔬菜（豆类）,0.6,3240.0,1944.0,1750.3290000000004
E13,普通大棚,2027,第二季,普通大棚,第二季,41,羊肚菌,食用菌,0.6,900.0,540.0,7293.037500000001
E14,普通大棚,2027,第一季,普通大棚,第一季,22,茄子,蔬菜,0.6,7200.0,4320.0,1750.3290000000004
E14,普通大棚,2027,第二季,普通大棚,第二季,38,榆黄菇,食用菌,0.6,4500.0,2700.0,2187.91125
E15,普通大棚,2027,第一季,普通大棚,第一季,17,豇豆,蔬菜（豆类）,0.6,3240.0,1944.0,1750.3290000000004
E15,普通大棚,2027,第二季,普通大棚,第二季,41,羊肚菌,食用菌,0.6,900.0,540.0,7293.037500000001
E16,普通大棚,2027,第一季,普通大棚,第一季,22,茄子,蔬菜,0.6,7200.0,4320.0,1750.3290000000004
E16,普通大棚,2027,第二季,普通大棚,第二季,41,羊肚菌,食用菌,0.6,900.0,540.0,7293.037500000001
E2,普通大棚,2027,第一季,普通大棚,第一季,29,黄瓜,蔬菜,0.6,13500.0,8100.0,2552.563125
E2,普通大棚,2027,第二季,普通大棚,第二季,39,香菇,食用菌,0.6,3600.0,2160.0,1458.6075
E3,普通大棚,2027,第一季,普通大棚,第一季,22,茄子,蔬菜,0.6,7200.0,4320.0,1750.3290000000004
E3,普通大棚,2027,第二季,普通大棚,第二季,41,羊肚菌,食用菌,0.6,900.0,540.0,7293.037500000001
E4,普通大棚,2027,第一季,普通大棚,第一季,22,茄子,蔬菜,0.6,7200.0,4320.0,1750.3290000000004
E4,普通大棚,2027,第二季,普通大棚,第二季,38,榆黄菇,食用菌,0.6,4500.0,2700.0,2187.91125
E5,普通大棚,2027,第一季,普通大棚,第一季,19,芸豆,蔬菜（豆类）,0.6,3240.0,1944.0,1750.3290000000004
E5,普通大棚,2027,第二季,普通大棚,第二季,40,白灵菇,食用菌,0.6,9000.0,5400.0,7293.037500000001
E6,普通大棚,2027,第一季,普通大棚,第一季,19,芸豆,蔬菜（豆类）,0.6,3240.0,1944.0,1750.3290000000004
E6,普通大棚,2027,第二季,普通大棚,第二季,39,香菇,食用菌,0.6,3600.0,2160.0,1458.6075
E7,普通大棚,2027,第一季,普通大棚,第一季,29,黄瓜,蔬菜,0.6,13500.0,8100.0,2552.563125
E7,普通大棚,2027,第二季,普通大棚,第二季,40,白灵菇,食用菌,0.6,9000.0,5400.0,7293.037500000001
E8,普通大棚,2027,第一季,普通大棚,第一季,22,茄子,蔬菜,0.6,7200.0,4320.0,1750.3290000000004
E8,普通大棚,2027,第二季,普通大棚,第二季,41,羊肚菌,食用菌,0.6,900.0,540.0,7293.037500000001
E9,普通大棚,2027,第一季,普通大棚,第一季,22,茄子,蔬菜,0.6,7200.0,4320.0,1750.3290000000004
E9,普通大棚,2027,第二季,普通大棚,第二季,41,羊肚菌,食用菌,0.6,900.0,540.0,7293.037500000001
F1,智慧大棚,2027,第一季,普通大棚,第一季,22,茄子,蔬菜,0.6,7200.0,4320.0,1750.3290000000004
F1,智慧大棚,2027,第二季,智慧大棚,第二季,34,芹菜,蔬菜,0.6,5400.0,3240.0,875.1645000000002
F2,智慧大棚,2027,第一季,普通大棚,第一季,22,茄子,蔬菜,0.6,7200.0,4320.0,1750.3290000000004
F2,智慧大棚,2027,第二季,智慧大棚,第二季,18,刀豆,蔬菜（豆类）,0.6,1980.0,1188.0,962.6809500000002
F3,智慧大棚,2027,第一季,普通大棚,第一季,22,茄子,蔬菜,0.6,7200.0,4320.0,1750.3290000000004
F3,智慧大棚,2027,第二季,智慧大棚,第二季,18,刀豆,蔬菜（豆类）,0.6,1980.0,1188.0,962.6809500000002
F4,智慧大棚,2027,第一季,普通大棚,第一季,32,空心菜,蔬菜,0.6,10800.0,6480.0,3646.5187500000006
F4,智慧大棚,2027,第二季,智慧大棚,第二季,34,芹菜,蔬菜,0.6,5400.0,3240.0,875.1645000000002
A1,平旱地,2028,单季,平旱地,单季,4,绿豆,粮食（豆类）,80.0,315.0,25200.0,35735.88375000001
A2,平旱地,2028,单季,平旱地,单季,1,黄豆,粮食（豆类）,55.0,360.0,19800.0,28078.194375000006
A3,平旱地,2028,单季,平旱地,单季,9,高粱,粮食,35.0,567.0,19845.0,17867.941875000004
A4,平旱地,2028,单季,平旱地,单季,5,爬豆,粮食（豆类）,72.0,373.5,26892.0,32162.29537500001
A5,平旱地,2028,单季,平旱地,单季,1,黄豆,粮食（豆类）,68.0,360.0,24480.0,34714.85850000001
A6,平旱地,2028,单季,平旱地,单季,5,爬豆,粮食（豆类）,55.0,373.5,20542.5,24568.420078125007
B1,梯田,2028,单季,梯田,单季,3,红豆,粮食（豆类）,60.0,342.0,20520.0,26801.91281250001
B10,梯田,2028,单季,梯田,单季,2,黑豆,粮食（豆类）,25.0,427.5,10687.5,12762.815625000003
B11,梯田,2028,单季,梯田,单季,3,红豆,粮食（豆类）,60.0,342.0,20520.0,26801.91281250001
B12,梯田,2028,单季,梯田,单季,5,爬豆,粮食（豆类）,45.0,355.5,15997.5,20101.434609375006
B13,梯田,2028,单季,梯田,单季,3,红豆,粮食（豆类）,35.0,342.0,11970.0,15634.449140625005
B14,梯田,2028,单季,梯田,单季,9,高粱,粮食,20.0,540.0,10800.0,10210.252500000002
B2,梯田,2028,单季,梯田,单季,3,红豆,粮食（豆类）,46.0,342.0,15732.0,20548.133156250005
B3,梯田,2028,单季,梯田,单季,11,荞麦,粮食,40.0,94.5,3780.0,17867.941875000004
B4,梯田,2028,单季,梯田,单季,10,黍子,粮食,28.0,450.0,12600.0,12864.918150000003
B5,梯田,2028,单季,梯田,单季,2,黑豆,粮食（豆类）,25.0,427.5,10687.5,12762.815625000003
B6,梯田,2028,单季,梯田,单季,3,红豆,粮食（豆类）,86.0,342.0,29412.0,38416.07503125001
B7,梯田,2028,单季,梯田,单季,5,爬豆,粮食（豆类）,55.0,355.5,19552.5,24568.420078125007
B8,梯田,2028,单季,梯田,单季,5,爬豆,粮食（豆类）,44.0,355.5,15642.0,19654.736062500007
B9,梯田,2028,单季,梯田,单季,5,爬豆,粮食（豆类）,50.0,355.5,17775.0,22334.92734375001
C1,山坡地,2028,单季,山坡地,单季,4,绿豆,粮食（豆类）,15.0,283.5,4252.5,6700.478203125002
C2,山坡地,2028,单季,山坡地,单季,13,红薯,粮食,13.0,1800.0,23400.0,33183.32062500001
C3,山坡地,2028,单季,山坡地,单季,12,南瓜,粮食,15.0,2430.0,36450.0,19144.223437500004
C4,山坡地,2028,单季,山坡地,单季,4,绿豆,粮食（豆类）,18.0,283.5,5103.0,8040.573843750002
C5,山坡地,2028,单季,山坡地,单季,5,爬豆,粮食（豆类）,27.0,337.5,9112.5,12060.860765625004
C6,山坡地,2028,单季,山坡地,单季,4,绿豆,粮食（豆类）,20.0,283.5,5670.0,8933.970937500002
D1,水浇地,2028,第一季,水浇地,第一季,18,刀豆,蔬菜（豆类）,15.0,1800.0,27000.0,19144.223437500004
D1,水浇地,2028,第二季,水浇地,第二季,36,白萝卜,蔬菜,15.0,3600.0,54000.0,9572.111718750002
D2,水浇地,2028,第一季,水浇地,第一季,34,芹菜,蔬菜,10.0,4950.0,49500.0,11486.534062500003
D2,水浇地,2028,第二季,水浇地,第二季,37,红萝卜,蔬菜,10.0,2700.0,27000.0,6381.4078125000015
D3,水浇地,2028,第一季,水浇地,第一季,18,刀豆,蔬菜（豆类）,14.0,1800.0,25200.0,17867.941875000004
D3,水浇地,2028,第二季,水浇地,第二季,36,白萝卜,蔬菜,14.0,3600.0,50400.0,8933.970937500002
D4,水浇地,2028,第一季,水浇地,第一季,22,茄子,蔬菜,6.0,5760.0,34560.0,15315.378750000003
D4,水浇地,2028,第二季,水浇地,第二季,37,红萝卜,蔬菜,6.0,2700.0,16200.0,3828.844687500001
D5,水浇地,2028,第一季,水浇地,第一季,17,豇豆,蔬菜（豆类）,10.0,2700.0,27000.0,25525.631250000006
D5,水浇地,2028,第二季,水浇地,第二季,35,大白菜,蔬菜,10.0,4500.0,45000.0,25525.631250000006
D6,水浇地,2028,第一季,水浇地,单季,16,水稻,粮食,12.0,450.0,5400.0,10414.457550000003
D7,水浇地,2028,第一季,水浇地,第一季,18,刀豆,蔬菜（豆类）,22.0,1800.0,39600.0,28078.194375000006
D7,水浇地,2028,第二季,水浇地,第二季,35,大白菜,蔬菜,22.0,4500.0,99000.0,56156.38875000001
D8,水浇地,2028,第一季,水浇地,单季,16,水稻,粮食,20.0,450.0,9000.0,17357.429250000005
E1,普通大棚,2028,第一季,普通大棚,第一季,19,芸豆,蔬菜（豆类）,0.6,3240.0,1944.0,1837.8454500000005
E1,普通大棚,2028,第二季,普通大棚,第二季,40,白灵菇,食用菌,0.6,9000.0,5400.0,7657.689375000002
E10,普通大棚,2028,第一季,普通大棚,第一季,29,黄瓜,蔬菜,0.6,13500.0,8100.0,2680.1912812500004
E10,普通大棚,2028,第二季,普通大棚,第二季,41,羊肚菌,食用菌,0.6,900.0,540.0,7657.689375000002
E11,普通大棚,2028,第一季,普通大棚,第一季,19,芸豆,蔬菜（豆类）,0.6,3240.0,1944.0,1837.8454500000005
E11,普通大棚,2028,第二季,普通大棚,第二季,40,白灵菇,食用菌,0.6,9000.0,5400.0,7657.689375000002
E12,普通大棚,2028,第一季,普通大棚,第一季,17,豇豆,蔬菜（豆类）,0.6,3240.0,1944.0,1837.8454500000005
E12,普通大棚,2028,第二季,普通大棚,第二季,38,榆黄菇,食用菌,0.6,4500.0,2700.0,2297.3068125000004
E13,普通大棚,2028,第一季,普通大棚,第一季,22,茄子,蔬菜,0.6,7200.0,4320.0,1837.8454500000005
E13,普通大棚,2028,第二季,普通大棚,第二季,41,羊肚菌,食用菌,0.6,900.0,540.0,7657.689375000002
E14,普通大棚,2028,第一季,普通大棚,第一季,22,茄子,蔬菜,0.6,7200.0,4320.0,1837.8454500000005
E14,普通大棚,2028,第二季,普通大棚,第二季,39,香菇,食用菌,0.6,3600.0,2160.0,1531.5378750000002
E15,普通大棚,2028,第一季,普通大棚,第一季,29,黄瓜,蔬菜,0.6,13500.0,8100.0,2680.1912812500004
E15,普通大棚,2028,第二季,普通大棚,第二季,41,羊肚菌,食用菌,0.6,900.0,540.0,7657.689375000002
E16,普通大棚,2028,第一季,普通大棚,第一季,19,芸豆,蔬菜（豆类）,0.6,3240.0,1944.0,1837.8454500000005
E16,普通大棚,2028,第二季,普通大棚,第二季,39,香菇,食用菌,0.6,3600.0,2160.0,1531.5378750000002
E2,普通大棚,2028,第一季,普通大棚,第一季,17,豇豆,蔬菜（豆类）,0.6,3240.0,1944.0,1837.8454500000005
E2,普通大棚,2028,第二季,普通大棚,第二季,41,羊肚菌,食用菌,0.6,900.0,540.0,7657.689375000002
E3,普通大棚,2028,第一季,普通大棚,第一季,19,芸豆,蔬菜（豆类）,0.6,3240.0,1944.0,1837.8454500000005
E3,普通大棚,2028,第二季,普通大棚,第二季,40,白灵菇,食用菌,0.6,9000.0,5400.0,7657.689375000002
E4,普通大棚,2028,第一季,普通大棚,第一季,22,茄子,蔬菜,0.6,7200.0,4320.0,1837.8454500000005
E4,普通大棚,2028,第二季,普通大棚,第二季,41,羊肚菌,食用菌,0.6,900.0,540.0,7657.689375000002
E5,普通大棚,2028,第一季,普通大棚,第一季,22,茄子,蔬菜,0.6,7200.0,4320.0,1837.8454500000005
E5,普通大棚,2028,第二季,普通大棚,第二季,38,榆黄菇,食用菌,0.6,4500.0,2700.0,2297.3068125000004
E6,普通大棚,2028,第一季,普通大棚,第一季,17,豇豆,蔬菜（豆类）,0.6,3240.0,1944.0,1837.8454500000005
E6,普通大棚,2028,第二季,普通大棚,第二季,39,香菇,食用菌,0.6,3600.0,2160.0,1531.5378750000002
E7,普通大棚,2028,第一季,普通大棚,第一季,22,茄子,蔬菜,0.6,7200.0,4320.0,1837.8454500000005
E7,普通大棚,2028,第二季,普通大棚,第二季,41,羊肚菌,食用菌,0.6,900.0,540.0,7657.689375000002
E8,普通大棚,2028,第一季,普通大棚,第一季,17,豇豆,蔬菜（豆类）,0.6,3240.0,1944.0,1837.8454500000005
E8,普通大棚,2028,第二季,普通大棚,第二季,41,羊肚菌,食用菌,0.6,900.0,540.0,7657.689375000002
E9,普通大棚,2028,第一季,普通大棚,第一季,26,包菜,蔬菜,0.6,4050.0,2430.0,2680.1912812500004
E9,普通大棚,2028,第二季,普通大棚,第二季,38,榆黄菇,食用菌,0.6,4500.0,2700.0,2297.3068125000004
F1,智慧大棚,2028,第一季,普通大棚,第一季,26,包菜,蔬菜,0.6,4050.0,2430.0,2680.1912812500004
F1,智慧大棚,2028,第二季,智慧大棚,第二季,18,刀豆,蔬菜（豆类）,0.6,1980.0,1188.0,1010.8149975000003
F2,智慧大棚,2028,第一季,普通大棚,第一季,22,茄子,蔬菜,0.6,7200.0,4320.0,1837.8454500000005
F2,智慧大棚,2028,第二季,智慧大棚,第二季,34,芹菜,蔬菜,0.6,5400.0,3240.0,918.9227250000002
F3,智慧大棚,2028,第一季,普通大棚,第一季,32,空心菜,蔬菜,0.6,10800.0,6480.0,3828.844687500001
F3,智慧大棚,2028,第二季,智慧大棚,第二季,18,刀豆,蔬菜（豆类）,0.6,1980.0,1188.0,1010.8149975000003
F4,智慧大棚,2028,第一季,普通大棚,第一季,22,茄子,蔬菜,0.6,7200.0,4320.0,1837.8454500000005
F4,智慧大棚,2028,第二季,智慧大棚,第二季,18,刀豆,蔬菜（豆类）,0.6,1980.0,1188.0,1010.8149975000003
A1,平旱地,2029,单季,平旱地,单季,1,黄豆,粮食（豆类）,80.0,360.0,28800.0,42883.06050000001
A2,平旱地,2029,单季,平旱地,单季,11,荞麦,粮食,55.0,99.0,5445.0,25796.841082031257
A3,平旱地,2029,单季,平旱地,单季,2,黑豆,粮食（豆类）,35.0,450.0,15750.0,18761.338968750006
A4,平旱地,2029,单季,平旱地,单季,1,黄豆,粮食（豆类）,72.0,360.0,25920.0,38594.75445000001
A5,平旱地,2029,单季,平旱地,单季,3,红豆,粮食（豆类）,68.0,360.0,24480.0,31894.276246875008
A6,平旱地,2029,单季,平旱地,单季,4,绿豆,粮食（豆类）,55.0,315.0,17325.0,25796.841082031257
B1,梯田,2029,单季,梯田,单季,4,绿豆,粮食（豆类）,60.0,297.0,17820.0,28142.00845312501
B10,梯田,2029,单季,梯田,单季,9,高粱,粮食,25.0,540.0,13500.0,13400.956406250003
B11,梯田,2029,单季,梯田,单季,4,绿豆,粮食（豆类）,60.0,297.0,17820.0,28142.00845312501
B12,梯田,2029,单季,梯田,单季,11,荞麦,粮食,45.0,94.5,4252.5,21106.506339843756
B13,梯田,2029,单季,梯田,单季,10,黍子,粮食,35.0,450.0,15750.0,16885.205071875007
B14,梯田,2029,单季,梯田,单季,5,爬豆,粮食（豆类）,20.0,355.5,7110.0,9380.669484375003
B2,梯田,2029,单季,梯田,单季,4,绿豆,粮食（豆类）,46.0,297.0,13662.0,21575.539814062508
B3,梯田,2029,单季,梯田,单季,4,绿豆,粮食（豆类）,40.0,297.0,11880.0,18761.338968750006
B4,梯田,2029,单季,梯田,单季,5,爬豆,粮食（豆类）,28.0,355.5,9954.0,13132.937278125004
B5,梯田,2029,单季,梯田,单季,9,高粱,粮食,25.0,540.0,13500.0,13400.956406250003
B6,梯田,2029,单季,梯田,单季,4,绿豆,粮食（豆类）,86.0,297.0,25542.0,40336.87878281251
B7,梯田,2029,单季,梯田,单季,4,绿豆,粮食（豆类）,55.0,297.0,16335.0,25796.841082031257
B8,梯田,2029,单季,梯田,单季,4,绿豆,粮食（豆类）,44.0,297.0,13068.0,20637.472865625008
B9,梯田,2029,单季,梯田,单季,3,红豆,粮食（豆类）,50.0,342.0,17100.0,23451.673710937506
C1,山坡地,2029,单季,山坡地,单季,12,南瓜,粮食,15.0,2430.0,36450.0,20101.434609375006
C2,山坡地,2029,单季,山坡地,单季,2,黑豆,粮食（豆类）,13.0,405.0,5265.0,6968.4973312500015
C3,山坡地,2029,单季,山坡地,单季,2,黑豆,粮食（豆类）,15.0,405.0,6075.0,8040.573843750002
C4,山坡地,2029,单季,山坡地,单季,11,荞麦,粮食,18.0,90.0,1620.0,8442.602535937502
C5,山坡地,2029,单季,山坡地,单季,4,绿豆,粮食（豆类）,27.0,283.5,7654.5,12663.903803906254
C6,山坡地,2029,单季,山坡地,单季,13,红薯,粮食,20.0,1800.0,36000.0,53603.82562500002
D1,水浇地,2029,第一季,水浇地,第一季,34,芹菜,蔬菜,15.0,4950.0,74250.0,18091.291148437507
D1,水浇地,2029,第二季,水浇地,第二季,36,白萝卜,蔬菜,15.0,3600.0,54000.0,10050.717304687503
D2,水浇地,2029,第一季,水浇地,第一季,34,芹菜,蔬菜,10.0,4950.0,49500.0,12060.860765625004
D2,水浇地,2029,第二季,水浇地,第二季,37,红萝卜,蔬菜,10.0,2700.0,27000.0,6700.478203125002
D3,水浇地,2029,第一季,水浇地,第一季,34,芹菜,蔬菜,14.0,4950.0,69300.0,16885.205071875007
D3,水浇地,2029,第二季,水浇地,第二季,36,白萝卜,蔬菜,14.0,3600.0,50400.0,9380.669484375003
D4,水浇地,2029,第一季,水浇地,第一季,34,芹菜,蔬菜,6.0,4950.0,29700.0,7236.516459375003
D4,水浇地,2029,第二季,水浇地,第二季,37,红萝卜,蔬菜,6.0,2700.0,16200.0,4020.286921875001
D5,水浇地,2029,第一季,水浇地,单季,16,水稻,粮食,10.0,450.0,4500.0,9112.650356250004
D6,水浇地,2029,第一季,水浇地,第一季,17,豇豆,蔬菜（豆类）,12.0,2700.0,32400.0,32162.29537500001
D6,水浇地,2029,第二季,水浇地,第二季,35,大白菜,蔬菜,12.0,4500.0,54000.0,32162.29537500001
D7,水浇地,2029,第一季,水浇地,单季,16,水稻,粮食,22.0,450.0,9900.0,20047.830783750007
D8,水浇地,2029,第一季,水浇地,第一季,18,刀豆,蔬菜（豆类）,20.0,1800.0,36000.0,26801.91281250001
D8,水浇地,2029,第二季,水浇地,第二季,35,大白菜,蔬菜,20.0,4500.0,90000.0,53603.82562500002
E1,普通大棚,2029,第一季,普通大棚,第一季,17,豇豆,蔬菜（豆类）,0.6,3240.0,1944.0,1929.7377225000005
E1,普通大棚,2029,第二季,普通大棚,第二季,41,羊肚菌,食用菌,0.6,900.0,540.0,8040.573843750002
E10,普通大棚,2029,第一季,普通大棚,第一季,22,茄子,蔬菜,0.6,7200.0,4320.0,1929.7377225000005
E10,普通大棚,2029,第二季,普通大棚,第二季,39,香菇,食用菌,0.6,3600.0,2160.0,1608.1147687500004
E11,普通大棚,2029,第一季,普通大棚,第一季,22,茄子,蔬菜,0.6,7200.0,4320.0,1929.7377225000005
E11,普通大棚,2029,第二季,普通大棚,第二季,38,榆黄菇,食用菌,0.6,4500.0,2700.0,2412.1721531250005
E12,普通大棚,2029,第一季,普通大棚,第一季,22,茄子,蔬菜,0.6,7200.0,4320.0,1929.7377225000005
E12,普通大棚,2029,第二季,普通大棚,第二季,39,香菇,食用菌,0.6,3600.0,2160.0,1608.1147687500004
E13,普通大棚,2029,第一季,普通大棚,第一季,29,黄瓜,蔬菜,0.6,13500.0,8100.0,2814.200845312501
E13,普通大棚,2029,第二季,普通大棚,第二季,41,羊肚菌,食用菌,0.6,900.0,540.0,8040.573843750002
E14,普通大棚,2029,第一季,普通大棚,第一季,19,芸豆,蔬菜（豆类）,0.6,3240.0,1944.0,1929.7377225000005
E14,普通大棚,2029,第二季,普通大棚,第二季,38,榆黄菇,食用菌,0.6,4500.0,2700.0,2412.1721531250005
E15,普通大棚,2029,第一季,普通大棚,第一季,19,芸豆,蔬菜（豆类）,0.6,3240.0,1944.0,1929.7377225000005
E15,普通大棚,2029,第二季,普通大棚,第二季,41,羊肚菌,食用菌,0.6,900.0,540.0,8040.573843750002
E16,普通大棚,2029,第一季,普通大棚,第一季,22,茄子,蔬菜,0.6,7200.0,4320.0,1929.7377225000005
E16,普通大棚,2029,第二季,普通大棚,第二季,41,羊肚菌,食用菌,0.6,900.0,540.0,8040.573843750002
E2,普通大棚,2029,第一季,普通大棚,第一季,22,茄子,蔬菜,0.6,7200.0,4320.0,1929.7377225000005
E2,普通大棚,2029,第二季,普通大棚,第二季,40,白灵菇,食用菌,0.6,9000.0,5400.0,8040.573843750002
E3,普通大棚,2029,第一季,普通大棚,第一季,22,茄子,蔬菜,0.6,7200.0,4320.0,1929.7377225000005
E3,普通大棚,2029,第二季,普通大棚,第二季,40,白灵菇,食用菌,0.6,9000.0,5400.0,8040.573843750002
E4,普通大棚,2029,第一季,普通大棚,第一季,17,豇豆,蔬菜（豆类）,0.6,3240.0,1944.0,1929.7377225000005
E4,普通大棚,2029,第二季,普通大棚,第二季,40,白灵菇,食用菌,0.6,9000.0,5400.0,8040.573843750002
E5,普通大棚,2029,第一季,普通大棚,第一季,26,包菜,蔬菜,0.6,4050.0,2430.0,2814.200845312501
E5,普通大棚,2029,第二季,普通大棚,第二季,39,香菇,食用菌,0.6,3600.0,2160.0,1608.1147687500004
E6,普通大棚,2029,第一季,普通大棚,第一季,22,茄子,蔬菜,0.6,7200.0,4320.0,1929.7377225000005
E6,普通大棚,2029,第二季,普通大棚,第二季,41,羊肚菌,食用菌,0.6,900.0,540.0,8040.573843750002
E7,普通大棚,2029,第一季,普通大棚,第一季,19,芸豆,蔬菜（豆类）,0.6,3240.0,1944.0,1929.7377225000005
E7,普通大棚,2029,第二季,普通大棚,第二季,41,羊肚菌,食用菌,0.6,900.0,540.0,8040.573843750002
E8,普通大棚,2029,第一季,普通大棚,第一季,22,茄子,蔬菜,0.6,7200.0,4320.0,1929.7377225000005
E8,普通大棚,2029,第二季,普通大棚,第二季,38,榆黄菇,食用菌,0.6,4500.0,2700.0,2412.1721531250005
E9,普通大棚,2029,第一季,普通大棚,第一季,19,芸豆,蔬菜（豆类）,0.6,3240.0,1944.0,1929.7377225000005
E9,普通大棚,2029,第二季,普通大棚,第二季,41,羊肚菌,食用菌,0.6,900.0,540.0,8040.573843750002
F1,智慧大棚,2029,第一季,普通大棚,第一季,32,空心菜,蔬菜,0.6,10800.0,6480.0,4020.286921875001
F1,智慧大棚,2029,第二季,智慧大棚,第二季,34,芹菜,蔬菜,0.6,5400.0,3240.0,964.8688612500002
F2,智慧大棚,2029,第一季,普通大棚,第一季,29,黄瓜,蔬菜,0.6,13500.0,8100.0,2814.200845312501
F2,智慧大棚,2029,第二季,智慧大棚,第二季,34,芹菜,蔬菜,0.6,5400.0,3240.0,964.8688612500002
F3,智慧大棚,2029,第一季,普通大棚,第一季,22,茄子,蔬菜,0.6,7200.0,4320.0,1929.7377225000005
F3,智慧大棚,2029,第二季,智慧大棚,第二季,34,芹菜,蔬菜,0.6,5400.0,3240.0,964.8688612500002
F4,智慧大棚,2029,第一季,普通大棚,第一季,22,茄子,蔬菜,0.6,7200.0,4320.0,1929.7377225000005
F4,智慧大棚,2029,第二季,智慧大棚,第二季,34,芹菜,蔬菜,0.6,5400.0,3240.0,964.8688612500002
A1,平旱地,2030,单季,平旱地,单季,5,爬豆,粮食（豆类）,80.0,373.5,29880.0,39398.81183437502
A2,平旱地,2030,单季,平旱地,单季,1,黄豆,粮食（豆类）,55.0,360.0,19800.0,30956.209298437512
A3,平旱地,2030,单季,平旱地,单季,9,高粱,粮食,35.0,567.0,19845.0,19699.405917187505
A4,平旱地,2030,单季,平旱地,单季,3,红豆,粮食（豆类）,72.0,360.0,25920.0,35458.93065093752
A5,平旱地,2030,单季,平旱地,单季,1,黄豆,粮食（豆类）,68.0,360.0,24480.0,38273.13149625001
A6,平旱地,2030,单季,平旱地,单季,1,黄豆,粮食（豆类）,55.0,360.0,19800.0,30956.209298437512
B1,梯田,2030,单季,梯田,单季,11,荞麦,粮食,60.0,94.5,5670.0,29549.10887578126
B10,梯田,2030,单季,梯田,单季,2,黑豆,粮食（豆类）,25.0,427.5,10687.5,14071.004226562505
B11,梯田,2030,单季,梯田,单季,5,爬豆,粮食（豆类）,60.0,355.5,21330.0,29549.10887578126
B12,梯田,2030,单季,梯田,单季,4,绿豆,粮食（豆类）,45.0,297.0,13365.0,22161.831656835944
B13,梯田,2030,单季,梯田,单季,4,绿豆,粮食（豆类）,35.0,297.0,10395.0,17236.98017753907
B14,梯田,2030,单季,梯田,单季,9,高粱,粮食,20.0,540.0,10800.0,11256.803381250003
B2,梯田,2030,单季,梯田,单季,11,荞麦,粮食,46.0,94.5,4347.0,22654.316804765633
B3,梯田,2030,单季,梯田,单季,11,荞麦,粮食,40.0,94.5,3780.0,19699.40591718751
B4,梯田,2030,单季,梯田,单季,10,黍子,粮食,28.0,450.0,12600.0,14183.572260375004
B5,梯田,2030,单季,梯田,单季,2,黑豆,粮食（豆类）,25.0,427.5,10687.5,14071.004226562505
B6,梯田,2030,单季,梯田,单季,5,爬豆,粮食（豆类）,86.0,355.5,30573.0,42353.72272195314
B7,梯田,2030,单季,梯田,单季,3,红豆,粮食（豆类）,55.0,342.0,18810.0,27086.683136132822
B8,梯田,2030,单季,梯田,单季,11,荞麦,粮食,44.0,94.5,4158.0,21669.34650890626
B9,梯田,2030,单季,梯田,单季,4,绿豆,粮食（豆类）,50.0,297.0,14850.0,24624.257396484383
C1,山坡地,2030,单季,山坡地,单季,4,绿豆,粮食（豆类）,15.0,283.5,4252.5,7387.277218945315
C2,山坡地,2030,单季,山坡地,单季,12,南瓜,粮食,13.0,2430.0,31590.0,18292.305494531254
C3,山坡地,2030,单季,山坡地,单季,13,红薯,粮食,15.0,1800.0,27000.0,42213.01267968751
C4,山坡地,2030,单季,山坡地,单季,4,绿豆,粮食（豆类）,18.0,283.5,5103.0,8864.73266273438
C5,山坡地,2030,单季,山坡地,单季,3,红豆,粮食（豆类）,27.0,324.0,8748.0,13297.098994101567
C6,山坡地,2030,单季,山坡地,单季,11,荞麦,粮食,20.0,90.0,1800.0,9849.702958593754
D1,水浇地,2030,第一季,水浇地,第一季,34,芹菜,蔬菜,15.0,4950.0,74250.0,18995.855705859383
D1,水浇地,2030,第二季,水浇地,第二季,36,白萝卜,蔬菜,15.0,3600.0,54000.0,10553.253169921878
D2,水浇地,2030,第一季,水浇地,第一季,17,豇豆,蔬菜（豆类）,10.0,2700.0,27000.0,28142.00845312501
D2,水浇地,2030,第二季,水浇地,第二季,37,红萝卜,蔬菜,10.0,2700.0,27000.0,7035.502113281253
D3,水浇地,2030,第一季,水浇地,第一季,18,刀豆,蔬菜（豆类）,14.0,1800.0,25200.0,19699.405917187505
D3,水浇地,2030,第二季,水浇地,第二季,36,白萝卜,蔬菜,14.0,3600.0,50400.0,9849.702958593753
D4,水浇地,2030,第一季,水浇地,第一季,17,豇豆,蔬菜（豆类）,6.0,2700.0,16200.0,16885.205071875003
D4,水浇地,2030,第二季,水浇地,第二季,37,红萝卜,蔬菜,6.0,2700.0,16200.0,4221.301267968751
D5,水浇地,2030,第一季,水浇地,第一季,34,芹菜,蔬菜,10.0,4950.0,49500.0,12663.903803906254
D5,水浇地,2030,第二季,水浇地,第二季,35,大白菜,蔬菜,10.0,4500.0,45000.0,28142.00845312501
D6,水浇地,2030,第一季,水浇地,单季,16,水稻,粮食,12.0,450.0,5400.0,11481.939448875004
D7,水浇地,2030,第一季,水浇地,第一季,34,芹菜,蔬菜,22.0,4950.0,108900.0,27860.588368593762
D7,水浇地,2030,第二季,水浇地,第二季,35,大白菜,蔬菜,22.0,4500.0,99000.0,61912.41859687502
D8,水浇地,2030,第一季,水浇地,单季,16,水稻,粮食,20.0,450.0,9000.0,19136.565748125005
E1,普通大棚,2030,第一季,普通大棚,第一季,32,空心菜,蔬菜,0.6,10800.0,6480.0,4221.301267968752
E1,普通大棚,2030,第二季,普通大棚,第二季,41,羊肚菌,食用菌,0.6,900.0,540.0,8442.602535937503
E10,普通大棚,2030,第一季,普通大棚,第一季,19,芸豆,蔬菜（豆类）,0.6,3240.0,1944.0,2026.2246086250004
E10,普通大棚,2030,第二季,普通大棚,第二季,38,榆黄菇,食用菌,0.6,4500.0,2700.0,2532.780760781251
E11,普通大棚,2030,第一季,普通大棚,第一季,22,茄子,蔬菜,0.6,7200.0,4320.0,2026.2246086250004
E11,普通大棚,2030,第二季,普通大棚,第二季,41,羊肚菌,食用菌,0.6,900.0,540.0,8442.602535937503
E12,普通大棚,2030,第一季,普通大棚,第一季,22,茄子,蔬菜,0.6,7200.0,4320.0,2026.2246086250004
E12,普通大棚,2030,第二季,普通大棚,第二季,41,羊肚菌,食用菌,0.6,900.0,540.0,8442.602535937503
E13,普通大棚,2030,第一季,普通大棚,第一季,19,芸豆,蔬菜（豆类）,0.6,3240.0,1944.0,2026.2246086250004
E13,普通大棚,2030,第二季,普通大棚,第二季,41,羊肚菌,食用菌,0.6,900.0,540.0,8442.602535937503
E14,普通大棚,2030,第一季,普通大棚,第一季,22,茄子,蔬菜,0.6,7200.0,4320.0,2026.2246086250004
E14,普通大棚,2030,第二季,普通大棚,第二季,40,白灵菇,食用菌,0.6,9000.0,5400.0,8442.602535937503
E15,普通大棚,2030,第一季,普通大棚,第一季,26,包菜,蔬菜,0.6,4050.0,2430.0,2954.9108875781258
E15,普通大棚,2030,第二季,普通大棚,第二季,39,香菇,食用菌,0.6,3600.0,2160.0,1688.5205071875005
E16,普通大棚,2030,第一季,普通大棚,第一季,19,芸豆,蔬菜（豆类）,0.6,3240.0,1944.0,2026.2246086250004
E16,普通大棚,2030,第二季,普通大棚,第二季,38,榆黄菇,食用菌,0.6,4500.0,2700.0,2532.780760781251
E2,普通大棚,2030,第一季,普通大棚,第一季,22,茄子,蔬菜,0.6,7200.0,4320.0,2026.2246086250004
E2,普通大棚,2030,第二季,普通大棚,第二季,39,香菇,食用菌,0.6,3600.0,2160.0,1688.5205071875005
E3,普通大棚,2030,第一季,普通大棚,第一季,22,茄子,蔬菜,0.6,7200.0,4320.0,2026.2246086250004
E3,普通大棚,2030,第二季,普通大棚,第二季,40,白灵菇,食用菌,0.6,9000.0,5400.0,8442.602535937503
E4,普通大棚,2030,第一季,普通大棚,第一季,29,黄瓜,蔬菜,0.6,13500.0,8100.0,2954.9108875781258
E4,普通大棚,2030,第二季,普通大棚,第二季,38,榆黄菇,食用菌,0.6,4500.0,2700.0,2532.780760781251
E5,普通大棚,2030,第一季,普通大棚,第一季,19,芸豆,蔬菜（豆类）,0.6,3240.0,1944.0,2026.2246086250004
E5,普通大棚,2030,第二季,普通大棚,第二季,39,香菇,食用菌,0.6,3600.0,2160.0,1688.5205071875005
E6,普通大棚,2030,第一季,普通大棚,第一季,22,茄子,蔬菜,0.6,7200.0,4320.0,2026.2246086250004
E6,普通大棚,2030,第二季,普通大棚,第二季,41,羊肚菌,食用菌,0.6,900.0,540.0,8442.602535937503
E7,普通大棚,2030,第一季,普通大棚,第一季,22,茄子,蔬菜,0.6,7200.0,4320.0,2026.2246086250004
E7,普通大棚,2030,第二季,普通大棚,第二季,40,白灵菇,食用菌,0.6,9000.0,5400.0,8442.602535937503
E8,普通大棚,2030,第一季,普通大棚,第一季,22,茄子,蔬菜,0.6,7200.0,4320.0,2026.2246086250004
E8,普通大棚,2030,第二季,普通大棚,第二季,41,羊肚菌,食用菌,0.6,900.0,540.0,8442.602535937503
E9,普通大棚,2030,第一季,普通大棚,第一季,26,包菜,蔬菜,0.6,4050.0,2430.0,2954.9108875781258
E9,普通大棚,2030,第二季,普通大棚,第二季,41,羊肚菌,食用菌,0.6,900.0,540.0,8442.602535937503
F1,智慧大棚,2030,第一季,普通大棚,第一季,22,茄子,蔬菜,0.6,7200.0,4320.0,2026.2246086250004
F1,智慧大棚,2030,第二季,智慧大棚,第二季,34,芹菜,蔬菜,0.6,5400.0,3240.0,1013.1123043125002
F2,智慧大棚,2030,第一季,普通大棚,第一季,22,茄子,蔬菜,0.6,7200.0,4320.0,2026.2246086250004
F2,智慧大棚,2030,第二季,智慧大棚,第二季,18,刀豆,蔬菜（豆类）,0.6,1980.0,1188.0,1114.4235347437505
F3,智慧大棚,2030,第一季,普通大棚,第一季,29,黄瓜,蔬菜,0.6,13500.0,8100.0,2954.9108875781258
F3,智慧大棚,2030,第二季,智慧大棚,第二季,34,芹菜,蔬菜,0.6,5400.0,3240.0,1013.1123043125002
F4,智慧大棚,2030,第一季,普通大棚,第一季,22,茄子,蔬菜,0.6,7200.0,4320.0,2026.2246086250004
F4,智慧大棚,2030,第二季,智慧大棚,第二季,34,芹菜,蔬菜,0.6,5400.0,3240.0,1013.1123043125002
